row_index,bridge_id,column,action_taken,new_value,notes
2,B01849LZ,LOAD_LIMIT,IMPUTED_MEDIAN,15.0,Imputed missing/zero numerical value using regional median.
11,B01842LZ,LOAD_LIMIT,IMPUTED_MEDIAN,15.0,Imputed missing/zero numerical value using regional median.
13,B04393LZ,LOAD_LIMIT,IMPUTED_MEDIAN,15.0,Imputed missing/zero numerical value using regional median.
16,B01764LZ,LOAD_LIMIT,IMPUTED_MEDIAN,15.0,Imputed missing/zero numerical value using regional median.
22,B01809LZ,LOAD_LIMIT,IMPUTED_MEDIAN,15.0,Imputed missing/zero numerical value using regional median.
23,B02208LZ,LOAD_LIMIT,IMPUTED_MEDIAN,15.0,Imputed missing/zero numerical value using regional median.
25,B02412LZ,LOAD_LIMIT,IMPUTED_MEDIAN,15.0,Imputed missing/zero numerical value using regional median.
28,B00968LZ,LOAD_LIMIT,IMPUTED_MEDIAN,15.0,Imputed missing/zero numerical value using regional median.
34,B03314LZ,LOAD_LIMIT,IMPUTED_MEDIAN,15.0,Imputed missing/zero numerical value using regional median.
38,B01826LZ,LOAD_LIMIT,IMPUTED_MEDIAN,15.0,Imputed missing/zero numerical value using regional median.
43,B02122LZ,LOAD_LIMIT,IMPUTED_MEDIAN,15.0,Imputed missing/zero numerical value using regional median.
45,B01735LZ,LOAD_LIMIT,IMPUTED_MEDIAN,15.0,Imputed missing/zero numerical value using regional median.
47,B04839LZ,LOAD_LIMIT,IMPUTED_MEDIAN,15.0,Imputed missing/zero numerical value using regional median.
48,B00922LZ,LOAD_LIMIT,IMPUTED_MEDIAN,15.0,Imputed missing/zero numerical value using regional median.
52,B03269LZ,LOAD_LIMIT,IMPUTED_MEDIAN,15.0,Imputed missing/zero numerical value using regional median.
63,B02321LZ,LOAD_LIMIT,IMPUTED_MEDIAN,15.0,Imputed missing/zero numerical value using regional median.
65,B04298LZ,LOAD_LIMIT,IMPUTED_MEDIAN,15.0,Imputed missing/zero numerical value using regional median.
67,B04496LZ,LOAD_LIMIT,IMPUTED_MEDIAN,15.0,Imputed missing/zero numerical value using regional median.
68,B04830LZ,LOAD_LIMIT,IMPUTED_MEDIAN,15.0,Imputed missing/zero numerical value using regional median.
70,B02265LZ,LOAD_LIMIT,IMPUTED_MEDIAN,15.0,Imputed missing/zero numerical value using regional median.
71,B02266LZ,LOAD_LIMIT,IMPUTED_MEDIAN,15.0,Imputed missing/zero numerical value using regional median.
73,B04307LZ,LOAD_LIMIT,IMPUTED_MEDIAN,15.0,Imputed missing/zero numerical value using regional median.
74,B00954LZ,LOAD_LIMIT,IMPUTED_MEDIAN,15.0,Imputed missing/zero numerical value using regional median.
76,B04282LZ,LOAD_LIMIT,IMPUTED_MEDIAN,15.0,Imputed missing/zero numerical value using regional median.
82,B02782LZ,LOAD_LIMIT,IMPUTED_MEDIAN,15.0,Imputed missing/zero numerical value using regional median.
85,B02260LZ,LOAD_LIMIT,IMPUTED_MEDIAN,15.0,Imputed missing/zero numerical value using regional median.
90,B01784LZ,LOAD_LIMIT,IMPUTED_MEDIAN,15.0,Imputed missing/zero numerical value using regional median.
91,B00937LZ,LOAD_LIMIT,IMPUTED_MEDIAN,15.0,Imputed missing/zero numerical value using regional median.
99,B03376LZ,LOAD_LIMIT,IMPUTED_MEDIAN,15.0,Imputed missing/zero numerical value using regional median.
108,B03283LZ,LOAD_LIMIT,IMPUTED_MEDIAN,15.0,Imputed missing/zero numerical value using regional median.
110,B04405LZ,LOAD_LIMIT,IMPUTED_MEDIAN,15.0,Imputed missing/zero numerical value using regional median.
111,B01749LZ,LOAD_LIMIT,IMPUTED_MEDIAN,15.0,Imputed missing/zero numerical value using regional median.
113,B00924LZ,LOAD_LIMIT,IMPUTED_MEDIAN,15.0,Imputed missing/zero numerical value using regional median.
119,B02660LZ,LOAD_LIMIT,IMPUTED_MEDIAN,15.0,Imputed missing/zero numerical value using regional median.
122,B00901LZ,LOAD_LIMIT,IMPUTED_MEDIAN,15.0,Imputed missing/zero numerical value using regional median.
123,B01851LZ,LOAD_LIMIT,IMPUTED_MEDIAN,15.0,Imputed missing/zero numerical value using regional median.
125,B04882LZ,LOAD_LIMIT,IMPUTED_MEDIAN,15.0,Imputed missing/zero numerical value using regional median.
131,B01814LZ,LOAD_LIMIT,IMPUTED_MEDIAN,15.0,Imputed missing/zero numerical value using regional median.
134,B04832LZ,LOAD_LIMIT,IMPUTED_MEDIAN,15.0,Imputed missing/zero numerical value using regional median.
135,B00938LZ,LOAD_LIMIT,IMPUTED_MEDIAN,15.0,Imputed missing/zero numerical value using regional median.
137,B03319LZ,LOAD_LIMIT,IMPUTED_MEDIAN,15.0,Imputed missing/zero numerical value using regional median.
139,B03219LZ,LOAD_LIMIT,IMPUTED_MEDIAN,15.0,Imputed missing/zero numerical value using regional median.
140,B02364LZ,LOAD_LIMIT,IMPUTED_MEDIAN,15.0,Imputed missing/zero numerical value using regional median.
143,B01810LZ,LOAD_LIMIT,IMPUTED_MEDIAN,15.0,Imputed missing/zero numerical value using regional median.
145,B01820LZ,LOAD_LIMIT,IMPUTED_MEDIAN,15.0,Imputed missing/zero numerical value using regional median.
148,B01733LZ,LOAD_LIMIT,IMPUTED_MEDIAN,15.0,Imputed missing/zero numerical value using regional median.
150,B04845LZ,LOAD_LIMIT,IMPUTED_MEDIAN,15.0,Imputed missing/zero numerical value using regional median.
153,B04404LZ,LOAD_LIMIT,IMPUTED_MEDIAN,15.0,Imputed missing/zero numerical value using regional median.
160,B01852LZ,LOAD_LIMIT,IMPUTED_MEDIAN,15.0,Imputed missing/zero numerical value using regional median.
161,B04197LZ,LOAD_LIMIT,IMPUTED_MEDIAN,15.0,Imputed missing/zero numerical value using regional median.
167,B03320LZ,LOAD_LIMIT,IMPUTED_MEDIAN,15.0,Imputed missing/zero numerical value using regional median.
173,B00953LZ,LOAD_LIMIT,IMPUTED_MEDIAN,15.0,Imputed missing/zero numerical value using regional median.
176,B02263LZ,LOAD_LIMIT,IMPUTED_MEDIAN,15.0,Imputed missing/zero numerical value using regional median.
179,B04843LZ,LOAD_LIMIT,IMPUTED_MEDIAN,15.0,Imputed missing/zero numerical value using regional median.
197,B02119LZ,LOAD_LIMIT,IMPUTED_MEDIAN,15.0,Imputed missing/zero numerical value using regional median.
199,B04850LZ,LOAD_LIMIT,IMPUTED_MEDIAN,15.0,Imputed missing/zero numerical value using regional median.
203,B04309LZ,LOAD_LIMIT,IMPUTED_MEDIAN,15.0,Imputed missing/zero numerical value using regional median.
204,B00925LZ,LOAD_LIMIT,IMPUTED_MEDIAN,15.0,Imputed missing/zero numerical value using regional median.
207,B04831LZ,LOAD_LIMIT,IMPUTED_MEDIAN,15.0,Imputed missing/zero numerical value using regional median.
217,B00568LZ,LOAD_LIMIT,IMPUTED_MEDIAN,15.0,Imputed missing/zero numerical value using regional median.
225,B01358LZ,LOAD_LIMIT,IMPUTED_MEDIAN,15.0,Imputed missing/zero numerical value using regional median.
227,B04749LZ,LOAD_LIMIT,IMPUTED_MEDIAN,15.0,Imputed missing/zero numerical value using regional median.
231,B02662LZ,LOAD_LIMIT,IMPUTED_MEDIAN,15.0,Imputed missing/zero numerical value using regional median.
234,B03228LZ,LOAD_LIMIT,IMPUTED_MEDIAN,15.0,Imputed missing/zero numerical value using regional median.
238,B01858LZ,LOAD_LIMIT,IMPUTED_MEDIAN,15.0,Imputed missing/zero numerical value using regional median.
240,B02619LZ,LOAD_LIMIT,IMPUTED_MEDIAN,15.0,Imputed missing/zero numerical value using regional median.
243,B03315LZ,LOAD_LIMIT,IMPUTED_MEDIAN,15.0,Imputed missing/zero numerical value using regional median.
245,B04751LZ,LOAD_LIMIT,IMPUTED_MEDIAN,15.0,Imputed missing/zero numerical value using regional median.
246,B02121LZ,LOAD_LIMIT,IMPUTED_MEDIAN,15.0,Imputed missing/zero numerical value using regional median.
247,B03267LZ,LOAD_LIMIT,IMPUTED_MEDIAN,15.0,Imputed missing/zero numerical value using regional median.
252,B01414LZ,LOAD_LIMIT,IMPUTED_MEDIAN,15.0,Imputed missing/zero numerical value using regional median.
260,B03321LZ,LOAD_LIMIT,IMPUTED_MEDIAN,15.0,Imputed missing/zero numerical value using regional median.
261,B01847LZ,LOAD_LIMIT,IMPUTED_MEDIAN,15.0,Imputed missing/zero numerical value using regional median.
281,B01798LZ,LOAD_LIMIT,IMPUTED_MEDIAN,15.0,Imputed missing/zero numerical value using regional median.
284,B04849LZ,LOAD_LIMIT,IMPUTED_MEDIAN,15.0,Imputed missing/zero numerical value using regional median.
301,B03216LZ,LOAD_LIMIT,IMPUTED_MEDIAN,15.0,Imputed missing/zero numerical value using regional median.
305,B00886LZ,LOAD_LIMIT,IMPUTED_MEDIAN,15.0,Imputed missing/zero numerical value using regional median.
308,B04318LZ,LOAD_LIMIT,IMPUTED_MEDIAN,15.0,Imputed missing/zero numerical value using regional median.
310,B03266LZ,LOAD_LIMIT,IMPUTED_MEDIAN,15.0,Imputed missing/zero numerical value using regional median.
314,B01027LZ,LOAD_LIMIT,IMPUTED_MEDIAN,15.0,Imputed missing/zero numerical value using regional median.
315,B04733LZ,LOAD_LIMIT,IMPUTED_MEDIAN,15.0,Imputed missing/zero numerical value using regional median.
317,B04881LZ,LOAD_LIMIT,IMPUTED_MEDIAN,15.0,Imputed missing/zero numerical value using regional median.
322,B00994LZ,LOAD_LIMIT,IMPUTED_MEDIAN,15.0,Imputed missing/zero numerical value using regional median.
330,B02285LZ,LOAD_LIMIT,IMPUTED_MEDIAN,15.0,Imputed missing/zero numerical value using regional median.
331,B00956LZ,LOAD_LIMIT,IMPUTED_MEDIAN,15.0,Imputed missing/zero numerical value using regional median.
333,B00902LZ,LOAD_LIMIT,IMPUTED_MEDIAN,15.0,Imputed missing/zero numerical value using regional median.
335,B01785LZ,LOAD_LIMIT,IMPUTED_MEDIAN,15.0,Imputed missing/zero numerical value using regional median.
341,B01026LZ,LOAD_LIMIT,IMPUTED_MEDIAN,15.0,Imputed missing/zero numerical value using regional median.
346,B04618LZ,LOAD_LIMIT,IMPUTED_MEDIAN,15.0,Imputed missing/zero numerical value using regional median.
349,B01846LZ,LOAD_LIMIT,IMPUTED_MEDIAN,15.0,Imputed missing/zero numerical value using regional median.
355,B04308LZ,LOAD_LIMIT,IMPUTED_MEDIAN,15.0,Imputed missing/zero numerical value using regional median.
359,B04731LZ,LOAD_LIMIT,IMPUTED_MEDIAN,15.0,Imputed missing/zero numerical value using regional median.
362,B00566LZ,LOAD_LIMIT,IMPUTED_MEDIAN,15.0,Imputed missing/zero numerical value using regional median.
365,B04842LZ,LOAD_LIMIT,IMPUTED_MEDIAN,15.0,Imputed missing/zero numerical value using regional median.
371,B04395LZ,LOAD_LIMIT,IMPUTED_MEDIAN,15.0,Imputed missing/zero numerical value using regional median.
374,B04840LZ,LOAD_LIMIT,IMPUTED_MEDIAN,15.0,Imputed missing/zero numerical value using regional median.
377,B04288LZ,LOAD_LIMIT,IMPUTED_MEDIAN,15.0,Imputed missing/zero numerical value using regional median.
379,B03268LZ,LOAD_LIMIT,IMPUTED_MEDIAN,15.0,Imputed missing/zero numerical value using regional median.
383,B04747LZ,LOAD_LIMIT,IMPUTED_MEDIAN,15.0,Imputed missing/zero numerical value using regional median.
387,B04952LZ,LOAD_LIMIT,IMPUTED_MEDIAN,15.0,Imputed missing/zero numerical value using regional median.
388,B04734LZ,LOAD_LIMIT,IMPUTED_MEDIAN,15.0,Imputed missing/zero numerical value using regional median.
395,B04277LZ,LOAD_LIMIT,IMPUTED_MEDIAN,15.0,Imputed missing/zero numerical value using regional median.
396,B04382LZ,LOAD_LIMIT,IMPUTED_MEDIAN,15.0,Imputed missing/zero numerical value using regional median.
404,B04283LZ,LOAD_LIMIT,IMPUTED_MEDIAN,15.0,Imputed missing/zero numerical value using regional median.
405,B01756LZ,LOAD_LIMIT,IMPUTED_MEDIAN,15.0,Imputed missing/zero numerical value using regional median.
408,B02231LZ,LOAD_LIMIT,IMPUTED_MEDIAN,15.0,Imputed missing/zero numerical value using regional median.
416,B01824LZ,LOAD_LIMIT,IMPUTED_MEDIAN,15.0,Imputed missing/zero numerical value using regional median.
418,B04884LZ,LOAD_LIMIT,IMPUTED_MEDIAN,15.0,Imputed missing/zero numerical value using regional median.
419,B02118LZ,LOAD_LIMIT,IMPUTED_MEDIAN,15.0,Imputed missing/zero numerical value using regional median.
421,B04381LZ,LOAD_LIMIT,IMPUTED_MEDIAN,15.0,Imputed missing/zero numerical value using regional median.
428,B00923LZ,LOAD_LIMIT,IMPUTED_MEDIAN,15.0,Imputed missing/zero numerical value using regional median.
432,B03220LZ,LOAD_LIMIT,IMPUTED_MEDIAN,15.0,Imputed missing/zero numerical value using regional median.
442,B04217LZ,LOAD_LIMIT,IMPUTED_MEDIAN,15.0,Imputed missing/zero numerical value using regional median.
447,B04317LZ,LOAD_LIMIT,IMPUTED_MEDIAN,15.0,Imputed missing/zero numerical value using regional median.
448,B00931LZ,LOAD_LIMIT,IMPUTED_MEDIAN,15.0,Imputed missing/zero numerical value using regional median.
450,B04750LZ,LOAD_LIMIT,IMPUTED_MEDIAN,15.0,Imputed missing/zero numerical value using regional median.
458,B02679LZ,LOAD_LIMIT,IMPUTED_MEDIAN,15.0,Imputed missing/zero numerical value using regional median.
460,B01818LZ,LOAD_LIMIT,IMPUTED_MEDIAN,15.0,Imputed missing/zero numerical value using regional median.
462,B02192LZ,LOAD_LIMIT,IMPUTED_MEDIAN,15.0,Imputed missing/zero numerical value using regional median.
464,B02371LZ,LOAD_LIMIT,IMPUTED_MEDIAN,15.0,Imputed missing/zero numerical value using regional median.
465,B03265LZ,LOAD_LIMIT,IMPUTED_MEDIAN,15.0,Imputed missing/zero numerical value using regional median.
471,B04844LZ,LOAD_LIMIT,IMPUTED_MEDIAN,15.0,Imputed missing/zero numerical value using regional median.
472,B01811LZ,LOAD_LIMIT,IMPUTED_MEDIAN,15.0,Imputed missing/zero numerical value using regional median.
474,B04380LZ,LOAD_LIMIT,IMPUTED_MEDIAN,15.0,Imputed missing/zero numerical value using regional median.
487,B01053LZ,LOAD_LIMIT,IMPUTED_MEDIAN,15.0,Imputed missing/zero numerical value using regional median.
490,B04287LZ,LOAD_LIMIT,IMPUTED_MEDIAN,15.0,Imputed missing/zero numerical value using regional median.
491,B01825LZ,LOAD_LIMIT,IMPUTED_MEDIAN,15.0,Imputed missing/zero numerical value using regional median.
493,B02191LZ,LOAD_LIMIT,IMPUTED_MEDIAN,15.0,Imputed missing/zero numerical value using regional median.
495,B04384LZ,LOAD_LIMIT,IMPUTED_MEDIAN,15.0,Imputed missing/zero numerical value using regional median.
499,B02798LZ,LOAD_LIMIT,IMPUTED_MEDIAN,15.0,Imputed missing/zero numerical value using regional median.
502,B04841LZ,LOAD_LIMIT,IMPUTED_MEDIAN,15.0,Imputed missing/zero numerical value using regional median.
506,B04396LZ,LOAD_LIMIT,IMPUTED_MEDIAN,15.0,Imputed missing/zero numerical value using regional median.
509,B01876LZ,LOAD_LIMIT,IMPUTED_MEDIAN,15.0,Imputed missing/zero numerical value using regional median.
510,B00959LZ,LOAD_LIMIT,IMPUTED_MEDIAN,15.0,Imputed missing/zero numerical value using regional median.
515,B02091LZ,LOAD_LIMIT,IMPUTED_MEDIAN,15.0,Imputed missing/zero numerical value using regional median.
523,B02114LZ,LOAD_LIMIT,IMPUTED_MEDIAN,15.0,Imputed missing/zero numerical value using regional median.
528,B00967LZ,LOAD_LIMIT,IMPUTED_MEDIAN,15.0,Imputed missing/zero numerical value using regional median.
531,B04848LZ,LOAD_LIMIT,IMPUTED_MEDIAN,15.0,Imputed missing/zero numerical value using regional median.
535,B04215LZ,LOAD_LIMIT,IMPUTED_MEDIAN,15.0,Imputed missing/zero numerical value using regional median.
543,B04397LZ,LOAD_LIMIT,IMPUTED_MEDIAN,15.0,Imputed missing/zero numerical value using regional median.
545,B00530LZ,LOAD_LIMIT,IMPUTED_MEDIAN,15.0,Imputed missing/zero numerical value using regional median.
547,B04776LZ,LOAD_LIMIT,IMPUTED_MEDIAN,15.0,Imputed missing/zero numerical value using regional median.
553,B02326LZ,LOAD_LIMIT,IMPUTED_MEDIAN,15.0,Imputed missing/zero numerical value using regional median.
562,B04446LZ,LOAD_LIMIT,IMPUTED_MEDIAN,15.0,Imputed missing/zero numerical value using regional median.
564,B04223LZ,LOAD_LIMIT,IMPUTED_MEDIAN,15.0,Imputed missing/zero numerical value using regional median.
568,B04257LZ,LOAD_LIMIT,IMPUTED_MEDIAN,15.0,Imputed missing/zero numerical value using regional median.
572,B01786LZ,LOAD_LIMIT,IMPUTED_MEDIAN,15.0,Imputed missing/zero numerical value using regional median.
576,B00727LZ,LOAD_LIMIT,IMPUTED_MEDIAN,15.0,Imputed missing/zero numerical value using regional median.
591,B03359LZ,LOAD_LIMIT,IMPUTED_MEDIAN,15.0,Imputed missing/zero numerical value using regional median.
599,B00650LZ,LOAD_LIMIT,IMPUTED_MEDIAN,15.0,Imputed missing/zero numerical value using regional median.
602,B01854LZ,LOAD_LIMIT,IMPUTED_MEDIAN,15.0,Imputed missing/zero numerical value using regional median.
612,B01136LZ,LOAD_LIMIT,IMPUTED_MEDIAN,15.0,Imputed missing/zero numerical value using regional median.
617,B04633LZ,LOAD_LIMIT,IMPUTED_MEDIAN,15.0,Imputed missing/zero numerical value using regional median.
620,B03224LZ,LOAD_LIMIT,IMPUTED_MEDIAN,15.0,Imputed missing/zero numerical value using regional median.
623,B04601LZ,LOAD_LIMIT,IMPUTED_MEDIAN,15.0,Imputed missing/zero numerical value using regional median.
639,B01143LZ,LOAD_LIMIT,IMPUTED_MEDIAN,15.0,Imputed missing/zero numerical value using regional median.
645,B01949LZ,LOAD_LIMIT,IMPUTED_MEDIAN,15.0,Imputed missing/zero numerical value using regional median.
646,B03322LZ,LOAD_LIMIT,IMPUTED_MEDIAN,15.0,Imputed missing/zero numerical value using regional median.
647,B04324LZ,LOAD_LIMIT,IMPUTED_MEDIAN,15.0,Imputed missing/zero numerical value using regional median.
656,B02773LZ,LOAD_LIMIT,IMPUTED_MEDIAN,15.0,Imputed missing/zero numerical value using regional median.
660,B04263LZ,LOAD_LIMIT,IMPUTED_MEDIAN,15.0,Imputed missing/zero numerical value using regional median.
661,B01965LZ,LOAD_LIMIT,IMPUTED_MEDIAN,15.0,Imputed missing/zero numerical value using regional median.
662,B00004ST,LOAD_LIMIT,IMPUTED_MEDIAN,15.0,Imputed missing/zero numerical value using regional median.
663,B01335LZ,LOAD_LIMIT,IMPUTED_MEDIAN,15.0,Imputed missing/zero numerical value using regional median.
665,B00567LZ,LOAD_LIMIT,IMPUTED_MEDIAN,15.0,Imputed missing/zero numerical value using regional median.
668,B04248LZ,LOAD_LIMIT,IMPUTED_MEDIAN,15.0,Imputed missing/zero numerical value using regional median.
669,B04872LZ,LOAD_LIMIT,IMPUTED_MEDIAN,15.0,Imputed missing/zero numerical value using regional median.
674,B04172LZ,LOAD_LIMIT,IMPUTED_MEDIAN,15.0,Imputed missing/zero numerical value using regional median.
686,B01597LZ,LOAD_LIMIT,IMPUTED_MEDIAN,15.0,Imputed missing/zero numerical value using regional median.
689,B01126LZ,LOAD_LIMIT,IMPUTED_MEDIAN,15.0,Imputed missing/zero numerical value using regional median.
693,B04250LZ,LOAD_LIMIT,IMPUTED_MEDIAN,15.0,Imputed missing/zero numerical value using regional median.
694,B01016LZ,LOAD_LIMIT,IMPUTED_MEDIAN,15.0,Imputed missing/zero numerical value using regional median.
696,B02347LZ,LOAD_LIMIT,IMPUTED_MEDIAN,15.0,Imputed missing/zero numerical value using regional median.
699,B00548LZ,LOAD_LIMIT,IMPUTED_MEDIAN,15.0,Imputed missing/zero numerical value using regional median.
702,B00751LZ,LOAD_LIMIT,IMPUTED_MEDIAN,15.0,Imputed missing/zero numerical value using regional median.
704,B04870LZ,LOAD_LIMIT,IMPUTED_MEDIAN,15.0,Imputed missing/zero numerical value using regional median.
707,B02350LZ,LOAD_LIMIT,IMPUTED_MEDIAN,15.0,Imputed missing/zero numerical value using regional median.
710,B01045LZ,LOAD_LIMIT,IMPUTED_MEDIAN,15.0,Imputed missing/zero numerical value using regional median.
711,B04917LZ,LOAD_LIMIT,IMPUTED_MEDIAN,15.0,Imputed missing/zero numerical value using regional median.
714,B04782LZ,LOAD_LIMIT,IMPUTED_MEDIAN,15.0,Imputed missing/zero numerical value using regional median.
716,B00593LZ,LOAD_LIMIT,IMPUTED_MEDIAN,15.0,Imputed missing/zero numerical value using regional median.
722,B02301LZ,LOAD_LIMIT,IMPUTED_MEDIAN,15.0,Imputed missing/zero numerical value using regional median.
727,B04227LZ,LOAD_LIMIT,IMPUTED_MEDIAN,15.0,Imputed missing/zero numerical value using regional median.
735,B01859LZ,LOAD_LIMIT,IMPUTED_MEDIAN,15.0,Imputed missing/zero numerical value using regional median.
736,B03236LZ,LOAD_LIMIT,IMPUTED_MEDIAN,15.0,Imputed missing/zero numerical value using regional median.
737,B04630LZ,LOAD_LIMIT,IMPUTED_MEDIAN,15.0,Imputed missing/zero numerical value using regional median.
740,B01012LZ,LOAD_LIMIT,IMPUTED_MEDIAN,15.0,Imputed missing/zero numerical value using regional median.
744,B04740LZ,LOAD_LIMIT,IMPUTED_MEDIAN,15.0,Imputed missing/zero numerical value using regional median.
745,B04852LZ,LOAD_LIMIT,IMPUTED_MEDIAN,15.0,Imputed missing/zero numerical value using regional median.
747,B04491LZ,LOAD_LIMIT,IMPUTED_MEDIAN,15.0,Imputed missing/zero numerical value using regional median.
752,B01559LZ,LOAD_LIMIT,IMPUTED_MEDIAN,15.0,Imputed missing/zero numerical value using regional median.
767,B01664LZ,LOAD_LIMIT,IMPUTED_MEDIAN,15.0,Imputed missing/zero numerical value using regional median.
773,B00534LZ,LOAD_LIMIT,IMPUTED_MEDIAN,15.0,Imputed missing/zero numerical value using regional median.
776,B01619LZ,LOAD_LIMIT,IMPUTED_MEDIAN,15.0,Imputed missing/zero numerical value using regional median.
777,B04264LZ,LOAD_LIMIT,IMPUTED_MEDIAN,15.0,Imputed missing/zero numerical value using regional median.
783,B01041LZ,LOAD_LIMIT,IMPUTED_MEDIAN,15.0,Imputed missing/zero numerical value using regional median.
789,B01962LZ,LOAD_LIMIT,IMPUTED_MEDIAN,15.0,Imputed missing/zero numerical value using regional median.
792,B04868LZ,LOAD_LIMIT,IMPUTED_MEDIAN,15.0,Imputed missing/zero numerical value using regional median.
794,B04939LZ,LOAD_LIMIT,IMPUTED_MEDIAN,15.0,Imputed missing/zero numerical value using regional median.
799,B04519LZ,LOAD_LIMIT,IMPUTED_MEDIAN,15.0,Imputed missing/zero numerical value using regional median.
802,B04482LZ,LOAD_LIMIT,IMPUTED_MEDIAN,15.0,Imputed missing/zero numerical value using regional median.
809,B04222LZ,LOAD_LIMIT,IMPUTED_MEDIAN,15.0,Imputed missing/zero numerical value using regional median.
810,B02313LZ,LOAD_LIMIT,IMPUTED_MEDIAN,15.0,Imputed missing/zero numerical value using regional median.
812,B04851LZ,LOAD_LIMIT,IMPUTED_MEDIAN,15.0,Imputed missing/zero numerical value using regional median.
815,B04869LZ,LOAD_LIMIT,IMPUTED_MEDIAN,15.0,Imputed missing/zero numerical value using regional median.
818,B02676LZ,LOAD_LIMIT,IMPUTED_MEDIAN,15.0,Imputed missing/zero numerical value using regional median.
836,B01135LZ,LOAD_LIMIT,IMPUTED_MEDIAN,15.0,Imputed missing/zero numerical value using regional median.
837,B00598LZ,LOAD_LIMIT,IMPUTED_MEDIAN,15.0,Imputed missing/zero numerical value using regional median.
850,B00653LZ,LOAD_LIMIT,IMPUTED_MEDIAN,15.0,Imputed missing/zero numerical value using regional median.
854,B04253LZ,LOAD_LIMIT,IMPUTED_MEDIAN,15.0,Imputed missing/zero numerical value using regional median.
855,B01043LZ,LOAD_LIMIT,IMPUTED_MEDIAN,15.0,Imputed missing/zero numerical value using regional median.
856,B00875LZ,LOAD_LIMIT,IMPUTED_MEDIAN,15.0,Imputed missing/zero numerical value using regional median.
858,B01133LZ,LOAD_LIMIT,IMPUTED_MEDIAN,15.0,Imputed missing/zero numerical value using regional median.
862,B04470LZ,LOAD_LIMIT,IMPUTED_MEDIAN,15.0,Imputed missing/zero numerical value using regional median.
871,B04775LZ,LOAD_LIMIT,IMPUTED_MEDIAN,15.0,Imputed missing/zero numerical value using regional median.
873,B00723LZ,LOAD_LIMIT,IMPUTED_MEDIAN,15.0,Imputed missing/zero numerical value using regional median.
877,B04594LZ,LOAD_LIMIT,IMPUTED_MEDIAN,15.0,Imputed missing/zero numerical value using regional median.
886,B02277LZ,LOAD_LIMIT,IMPUTED_MEDIAN,15.0,Imputed missing/zero numerical value using regional median.
887,B01122LZ,LOAD_LIMIT,IMPUTED_MEDIAN,15.0,Imputed missing/zero numerical value using regional median.
891,B04249LZ,LOAD_LIMIT,IMPUTED_MEDIAN,15.0,Imputed missing/zero numerical value using regional median.
894,B04987LZ,LOAD_LIMIT,IMPUTED_MEDIAN,15.0,Imputed missing/zero numerical value using regional median.
898,B04778LZ,LOAD_LIMIT,IMPUTED_MEDIAN,15.0,Imputed missing/zero numerical value using regional median.
907,B01014LZ,LOAD_LIMIT,IMPUTED_MEDIAN,15.0,Imputed missing/zero numerical value using regional median.
908,B01618LZ,LOAD_LIMIT,IMPUTED_MEDIAN,15.0,Imputed missing/zero numerical value using regional median.
909,B03332LZ,LOAD_LIMIT,IMPUTED_MEDIAN,15.0,Imputed missing/zero numerical value using regional median.
911,B00812LZ,LOAD_LIMIT,IMPUTED_MEDIAN,15.0,Imputed missing/zero numerical value using regional median.
914,B00793LZ,LOAD_LIMIT,IMPUTED_MEDIAN,15.0,Imputed missing/zero numerical value using regional median.
917,B04259LZ,LOAD_LIMIT,IMPUTED_MEDIAN,15.0,Imputed missing/zero numerical value using regional median.
920,B04484LZ,LOAD_LIMIT,IMPUTED_MEDIAN,15.0,Imputed missing/zero numerical value using regional median.
927,B00638LZ,LOAD_LIMIT,IMPUTED_MEDIAN,15.0,Imputed missing/zero numerical value using regional median.
935,B02794LZ,LOAD_LIMIT,IMPUTED_MEDIAN,15.0,Imputed missing/zero numerical value using regional median.
936,B01131LZ,LOAD_LIMIT,IMPUTED_MEDIAN,15.0,Imputed missing/zero numerical value using regional median.
937,B04520LZ,LOAD_LIMIT,IMPUTED_MEDIAN,15.0,Imputed missing/zero numerical value using regional median.
945,B00547LZ,LOAD_LIMIT,IMPUTED_MEDIAN,15.0,Imputed missing/zero numerical value using regional median.
954,B00741LZ,LOAD_LIMIT,IMPUTED_MEDIAN,15.0,Imputed missing/zero numerical value using regional median.
958,B02685LZ,LOAD_LIMIT,IMPUTED_MEDIAN,15.0,Imputed missing/zero numerical value using regional median.
964,B04984LZ,LOAD_LIMIT,IMPUTED_MEDIAN,15.0,Imputed missing/zero numerical value using regional median.
965,B04171LZ,LOAD_LIMIT,IMPUTED_MEDIAN,15.0,Imputed missing/zero numerical value using regional median.
971,B00765LZ,LOAD_LIMIT,IMPUTED_MEDIAN,15.0,Imputed missing/zero numerical value using regional median.
974,B04436LZ,LOAD_LIMIT,IMPUTED_MEDIAN,15.0,Imputed missing/zero numerical value using regional median.
976,B01805LZ,LOAD_LIMIT,IMPUTED_MEDIAN,15.0,Imputed missing/zero numerical value using regional median.
980,B04251LZ,LOAD_LIMIT,IMPUTED_MEDIAN,15.0,Imputed missing/zero numerical value using regional median.
985,B00523LZ,LOAD_LIMIT,IMPUTED_MEDIAN,15.0,Imputed missing/zero numerical value using regional median.
986,B04913LZ,LOAD_LIMIT,IMPUTED_MEDIAN,15.0,Imputed missing/zero numerical value using regional median.
988,B04918LZ,LOAD_LIMIT,IMPUTED_MEDIAN,15.0,Imputed missing/zero numerical value using regional median.
993,B04940LZ,LOAD_LIMIT,IMPUTED_MEDIAN,15.0,Imputed missing/zero numerical value using regional median.
994,B01592LZ,LOAD_LIMIT,IMPUTED_MEDIAN,15.0,Imputed missing/zero numerical value using regional median.
1001,B00773LZ,LOAD_LIMIT,IMPUTED_MEDIAN,15.0,Imputed missing/zero numerical value using regional median.
1011,B04627LZ,LOAD_LIMIT,IMPUTED_MEDIAN,15.0,Imputed missing/zero numerical value using regional median.
1017,B04988LZ,LOAD_LIMIT,IMPUTED_MEDIAN,15.0,Imputed missing/zero numerical value using regional median.
1020,B01140LZ,LOAD_LIMIT,IMPUTED_MEDIAN,15.0,Imputed missing/zero numerical value using regional median.
1022,B00589LZ,LOAD_LIMIT,IMPUTED_MEDIAN,15.0,Imputed missing/zero numerical value using regional median.
1033,B00001ST,LOAD_LIMIT,IMPUTED_MEDIAN,15.0,Imputed missing/zero numerical value using regional median.
1042,B00797LZ,LOAD_LIMIT,IMPUTED_MEDIAN,15.0,Imputed missing/zero numerical value using regional median.
1044,B04224LZ,LOAD_LIMIT,IMPUTED_MEDIAN,15.0,Imputed missing/zero numerical value using regional median.
1049,B04593LZ,LOAD_LIMIT,IMPUTED_MEDIAN,15.0,Imputed missing/zero numerical value using regional median.
1058,B00813LZ,LOAD_LIMIT,IMPUTED_MEDIAN,15.0,Imputed missing/zero numerical value using regional median.
1066,B04938LZ,LOAD_LIMIT,IMPUTED_MEDIAN,15.0,Imputed missing/zero numerical value using regional median.
1085,B04983LZ,LOAD_LIMIT,IMPUTED_MEDIAN,15.0,Imputed missing/zero numerical value using regional median.
1088,B01627LZ,LOAD_LIMIT,IMPUTED_MEDIAN,15.0,Imputed missing/zero numerical value using regional median.
1089,B04483LZ,LOAD_LIMIT,IMPUTED_MEDIAN,15.0,Imputed missing/zero numerical value using regional median.
1096,B00815LZ,LOAD_LIMIT,IMPUTED_MEDIAN,15.0,Imputed missing/zero numerical value using regional median.
1100,B00731LZ,LOAD_LIMIT,IMPUTED_MEDIAN,15.0,Imputed missing/zero numerical value using regional median.
1103,B01124LZ,LOAD_LIMIT,IMPUTED_MEDIAN,15.0,Imputed missing/zero numerical value using regional median.
1104,B04935LZ,LOAD_LIMIT,IMPUTED_MEDIAN,15.0,Imputed missing/zero numerical value using regional median.
1107,B04252LZ,LOAD_LIMIT,IMPUTED_MEDIAN,15.0,Imputed missing/zero numerical value using regional median.
1110,B01860LZ,LOAD_LIMIT,IMPUTED_MEDIAN,15.0,Imputed missing/zero numerical value using regional median.
1114,B04628LZ,LOAD_LIMIT,IMPUTED_MEDIAN,15.0,Imputed missing/zero numerical value using regional median.
1117,B04256LZ,LOAD_LIMIT,IMPUTED_MEDIAN,15.0,Imputed missing/zero numerical value using regional median.
1121,B03325LZ,LOAD_LIMIT,IMPUTED_MEDIAN,15.0,Imputed missing/zero numerical value using regional median.
1128,B00528LZ,LOAD_LIMIT,IMPUTED_MEDIAN,15.0,Imputed missing/zero numerical value using regional median.
1130,B04931LZ,LOAD_LIMIT,IMPUTED_MEDIAN,15.0,Imputed missing/zero numerical value using regional median.
1131,B00595LZ,LOAD_LIMIT,IMPUTED_MEDIAN,15.0,Imputed missing/zero numerical value using regional median.
1139,B02684LZ,LOAD_LIMIT,IMPUTED_MEDIAN,15.0,Imputed missing/zero numerical value using regional median.
1151,B04777LZ,LOAD_LIMIT,IMPUTED_MEDIAN,15.0,Imputed missing/zero numerical value using regional median.
1157,B00894LZ,LOAD_LIMIT,IMPUTED_MEDIAN,15.0,Imputed missing/zero numerical value using regional median.
1158,B03334LZ,LOAD_LIMIT,IMPUTED_MEDIAN,15.0,Imputed missing/zero numerical value using regional median.
1169,B03025LZ,LOAD_LIMIT,IMPUTED_MEDIAN,15.0,Imputed missing/zero numerical value using regional median.
1178,B04631LZ,LOAD_LIMIT,IMPUTED_MEDIAN,15.0,Imputed missing/zero numerical value using regional median.
1184,B04468LZ,LOAD_LIMIT,IMPUTED_MEDIAN,15.0,Imputed missing/zero numerical value using regional median.
1187,B04521LZ,LOAD_LIMIT,IMPUTED_MEDIAN,15.0,Imputed missing/zero numerical value using regional median.
1191,B04998LZ,LOAD_LIMIT,IMPUTED_MEDIAN,15.0,Imputed missing/zero numerical value using regional median.
1214,B04871LZ,LOAD_LIMIT,IMPUTED_MEDIAN,15.0,Imputed missing/zero numerical value using regional median.
1217,B03211LZ,LOAD_LIMIT,IMPUTED_MEDIAN,15.0,Imputed missing/zero numerical value using regional median.
1221,B01623LZ,LOAD_LIMIT,IMPUTED_MEDIAN,15.0,Imputed missing/zero numerical value using regional median.
1243,B04481LZ,LOAD_LIMIT,IMPUTED_MEDIAN,15.0,Imputed missing/zero numerical value using regional median.
1246,B00876LZ,LOAD_LIMIT,IMPUTED_MEDIAN,15.0,Imputed missing/zero numerical value using regional median.
1247,B04258LZ,LOAD_LIMIT,IMPUTED_MEDIAN,15.0,Imputed missing/zero numerical value using regional median.
1266,B02295LZ,LOAD_LIMIT,IMPUTED_MEDIAN,15.0,Imputed missing/zero numerical value using regional median.
1267,B04246LZ,LOAD_LIMIT,IMPUTED_MEDIAN,15.0,Imputed missing/zero numerical value using regional median.
1268,B00790LZ,LOAD_LIMIT,IMPUTED_MEDIAN,15.0,Imputed missing/zero numerical value using regional median.
1269,B00564LZ,LOAD_LIMIT,IMPUTED_MEDIAN,15.0,Imputed missing/zero numerical value using regional median.
1273,B04260LZ,LOAD_LIMIT,IMPUTED_MEDIAN,15.0,Imputed missing/zero numerical value using regional median.
1281,B01129LZ,LOAD_LIMIT,IMPUTED_MEDIAN,15.0,Imputed missing/zero numerical value using regional median.
1289,B04254LZ,LOAD_LIMIT,IMPUTED_MEDIAN,15.0,Imputed missing/zero numerical value using regional median.
1290,B00754LZ,LOAD_LIMIT,IMPUTED_MEDIAN,15.0,Imputed missing/zero numerical value using regional median.
1292,B00662LZ,LOAD_LIMIT,IMPUTED_MEDIAN,15.0,Imputed missing/zero numerical value using regional median.
1294,B00883LZ,LOAD_LIMIT,IMPUTED_MEDIAN,15.0,Imputed missing/zero numerical value using regional median.
1300,B04934LZ,LOAD_LIMIT,IMPUTED_MEDIAN,15.0,Imputed missing/zero numerical value using regional median.
1302,B00554LZ,LOAD_LIMIT,IMPUTED_MEDIAN,15.0,Imputed missing/zero numerical value using regional median.
1303,B01070LZ,LOAD_LIMIT,IMPUTED_MEDIAN,15.0,Imputed missing/zero numerical value using regional median.
1308,B01127LZ,LOAD_LIMIT,IMPUTED_MEDIAN,15.0,Imputed missing/zero numerical value using regional median.
1315,B04489LZ,LOAD_LIMIT,IMPUTED_MEDIAN,15.0,Imputed missing/zero numerical value using regional median.
1316,B02675LZ,LOAD_LIMIT,IMPUTED_MEDIAN,15.0,Imputed missing/zero numerical value using regional median.
1317,B01373LZ,LOAD_LIMIT,IMPUTED_MEDIAN,15.0,Imputed missing/zero numerical value using regional median.
1320,B04469LZ,LOAD_LIMIT,IMPUTED_MEDIAN,15.0,Imputed missing/zero numerical value using regional median.
1321,B04245LZ,LOAD_LIMIT,IMPUTED_MEDIAN,15.0,Imputed missing/zero numerical value using regional median.
1322,B01620LZ,LOAD_LIMIT,IMPUTED_MEDIAN,15.0,Imputed missing/zero numerical value using regional median.
1325,B04255LZ,LOAD_LIMIT,IMPUTED_MEDIAN,15.0,Imputed missing/zero numerical value using regional median.
1327,B01737LZ,LOAD_LIMIT,IMPUTED_MEDIAN,15.0,Imputed missing/zero numerical value using regional median.
1329,B00573LZ,LOAD_LIMIT,IMPUTED_MEDIAN,15.0,Imputed missing/zero numerical value using regional median.
1330,B01063LZ,LOAD_LIMIT,IMPUTED_MEDIAN,15.0,Imputed missing/zero numerical value using regional median.
1336,B04226LZ,LOAD_LIMIT,IMPUTED_MEDIAN,15.0,Imputed missing/zero numerical value using regional median.
1340,B02334LZ,LOAD_LIMIT,IMPUTED_MEDIAN,15.0,Imputed missing/zero numerical value using regional median.
1344,B04919LZ,LOAD_LIMIT,IMPUTED_MEDIAN,15.0,Imputed missing/zero numerical value using regional median.
1345,B00019BN,LOAD_LIMIT,IMPUTED_MEDIAN,15.0,Imputed missing/zero numerical value using regional median.
1351,B00796LZ,LOAD_LIMIT,IMPUTED_MEDIAN,15.0,Imputed missing/zero numerical value using regional median.
1354,B04286LZ,LOAD_LIMIT,IMPUTED_MEDIAN,15.0,Imputed missing/zero numerical value using regional median.
1355,B04185LZ,LOAD_LIMIT,IMPUTED_MEDIAN,15.0,Imputed missing/zero numerical value using regional median.
1356,B01961LZ,LOAD_LIMIT,IMPUTED_MEDIAN,15.0,Imputed missing/zero numerical value using regional median.
1358,B01872LZ,LOAD_LIMIT,IMPUTED_MEDIAN,15.0,Imputed missing/zero numerical value using regional median.
1359,B01132LZ,LOAD_LIMIT,IMPUTED_MEDIAN,15.0,Imputed missing/zero numerical value using regional median.
1360,B00620LZ,LOAD_LIMIT,IMPUTED_MEDIAN,15.0,Imputed missing/zero numerical value using regional median.
1362,B04629LZ,LOAD_LIMIT,IMPUTED_MEDIAN,15.0,Imputed missing/zero numerical value using regional median.
1367,B01328LZ,LOAD_LIMIT,IMPUTED_MEDIAN,15.0,Imputed missing/zero numerical value using regional median.
1370,B04485LZ,LOAD_LIMIT,IMPUTED_MEDIAN,15.0,Imputed missing/zero numerical value using regional median.
1371,B04325LZ,LOAD_LIMIT,IMPUTED_MEDIAN,15.0,Imputed missing/zero numerical value using regional median.
1372,B00747LZ,LOAD_LIMIT,IMPUTED_MEDIAN,15.0,Imputed missing/zero numerical value using regional median.
1377,B03324LZ,LOAD_LIMIT,IMPUTED_MEDIAN,15.0,Imputed missing/zero numerical value using regional median.
1381,B00021BN,LOAD_LIMIT,IMPUTED_MEDIAN,15.0,Imputed missing/zero numerical value using regional median.
1388,B02035LZ,LOAD_LIMIT,IMPUTED_MEDIAN,15.0,Imputed missing/zero numerical value using regional median.
1391,B01813LZ,LOAD_LIMIT,IMPUTED_MEDIAN,15.0,Imputed missing/zero numerical value using regional median.
1396,B01061LZ,LOAD_LIMIT,IMPUTED_MEDIAN,15.0,Imputed missing/zero numerical value using regional median.
1407,B04634LZ,LOAD_LIMIT,IMPUTED_MEDIAN,15.0,Imputed missing/zero numerical value using regional median.
1408,B04743LZ,LOAD_LIMIT,IMPUTED_MEDIAN,15.0,Imputed missing/zero numerical value using regional median.
1413,B01948LZ,LOAD_LIMIT,IMPUTED_MEDIAN,15.0,Imputed missing/zero numerical value using regional median.
1414,B00005ST,LOAD_LIMIT,IMPUTED_MEDIAN,15.0,Imputed missing/zero numerical value using regional median.
1415,B04970LZ,LOAD_LIMIT,IMPUTED_MEDIAN,15.0,Imputed missing/zero numerical value using regional median.
1424,B01625LZ,LOAD_LIMIT,IMPUTED_MEDIAN,15.0,Imputed missing/zero numerical value using regional median.
1426,B00522LZ,LOAD_LIMIT,IMPUTED_MEDIAN,15.0,Imputed missing/zero numerical value using regional median.
1432,B01113LZ,LOAD_LIMIT,IMPUTED_MEDIAN,15.0,Imputed missing/zero numerical value using regional median.
1439,B04592LZ,LOAD_LIMIT,IMPUTED_MEDIAN,15.0,Imputed missing/zero numerical value using regional median.
1447,B00799LZ,LOAD_LIMIT,IMPUTED_MEDIAN,15.0,Imputed missing/zero numerical value using regional median.
1448,B01924LZ,LOAD_LIMIT,IMPUTED_MEDIAN,15.0,Imputed missing/zero numerical value using regional median.
1453,B04487LZ,LOAD_LIMIT,IMPUTED_MEDIAN,15.0,Imputed missing/zero numerical value using regional median.
1454,B01708LZ,LOAD_LIMIT,IMPUTED_MEDIAN,15.0,Imputed missing/zero numerical value using regional median.
1455,B02651LZ,LOAD_LIMIT,IMPUTED_MEDIAN,15.0,Imputed missing/zero numerical value using regional median.
1458,B03323LZ,LOAD_LIMIT,IMPUTED_MEDIAN,15.0,Imputed missing/zero numerical value using regional median.
1475,B00853LZ,LOAD_LIMIT,IMPUTED_MEDIAN,15.0,Imputed missing/zero numerical value using regional median.
1482,B01042LZ,LOAD_LIMIT,IMPUTED_MEDIAN,15.0,Imputed missing/zero numerical value using regional median.
1483,B04920LZ,LOAD_LIMIT,IMPUTED_MEDIAN,15.0,Imputed missing/zero numerical value using regional median.
1485,B01141LZ,LOAD_LIMIT,IMPUTED_MEDIAN,15.0,Imputed missing/zero numerical value using regional median.
1494,B02775LZ,LOAD_LIMIT,IMPUTED_MEDIAN,15.0,Imputed missing/zero numerical value using regional median.
1497,B04912LZ,LOAD_LIMIT,IMPUTED_MEDIAN,15.0,Imputed missing/zero numerical value using regional median.
1502,B01145LZ,LOAD_LIMIT,IMPUTED_MEDIAN,15.0,Imputed missing/zero numerical value using regional median.
1503,B00643LZ,LOAD_LIMIT,IMPUTED_MEDIAN,15.0,Imputed missing/zero numerical value using regional median.
1504,B04184LZ,LOAD_LIMIT,IMPUTED_MEDIAN,15.0,Imputed missing/zero numerical value using regional median.
1508,B01046LZ,LOAD_LIMIT,IMPUTED_MEDIAN,15.0,Imputed missing/zero numerical value using regional median.
1513,B01130LZ,LOAD_LIMIT,IMPUTED_MEDIAN,15.0,Imputed missing/zero numerical value using regional median.
1515,B00591LZ,LOAD_LIMIT,IMPUTED_MEDIAN,15.0,Imputed missing/zero numerical value using regional median.
1523,B01005LZ,LOAD_LIMIT,IMPUTED_MEDIAN,15.0,Imputed missing/zero numerical value using regional median.
1527,B01855LZ,LOAD_LIMIT,IMPUTED_MEDIAN,15.0,Imputed missing/zero numerical value using regional median.
1528,B01134LZ,LOAD_LIMIT,IMPUTED_MEDIAN,15.0,Imputed missing/zero numerical value using regional median.
1529,B00656LZ,LOAD_LIMIT,IMPUTED_MEDIAN,15.0,Imputed missing/zero numerical value using regional median.
1534,B04518LZ,LOAD_LIMIT,IMPUTED_MEDIAN,15.0,Imputed missing/zero numerical value using regional median.
1536,B01040LZ,LOAD_LIMIT,IMPUTED_MEDIAN,15.0,Imputed missing/zero numerical value using regional median.
1539,B04930LZ,LOAD_LIMIT,IMPUTED_MEDIAN,15.0,Imputed missing/zero numerical value using regional median.
1542,B00748LZ,LOAD_LIMIT,IMPUTED_MEDIAN,15.0,Imputed missing/zero numerical value using regional median.
1546,B03328LZ,LOAD_LIMIT,IMPUTED_MEDIAN,15.0,Imputed missing/zero numerical value using regional median.
1549,B00749LZ,LOAD_LIMIT,IMPUTED_MEDIAN,15.0,Imputed missing/zero numerical value using regional median.
1551,B01159LZ,LOAD_LIMIT,IMPUTED_MEDIAN,15.0,Imputed missing/zero numerical value using regional median.
1560,B02309LZ,LOAD_LIMIT,IMPUTED_MEDIAN,15.0,Imputed missing/zero numerical value using regional median.
1561,B01138LZ,LOAD_LIMIT,IMPUTED_MEDIAN,15.0,Imputed missing/zero numerical value using regional median.
1562,B00588LZ,LOAD_LIMIT,IMPUTED_MEDIAN,15.0,Imputed missing/zero numerical value using regional median.
1569,B02396LZ,LOAD_LIMIT,IMPUTED_MEDIAN,15.0,Imputed missing/zero numerical value using regional median.
1576,B01566LZ,LOAD_LIMIT,IMPUTED_MEDIAN,15.0,Imputed missing/zero numerical value using regional median.
1581,B04659LZ,LOAD_LIMIT,IMPUTED_MEDIAN,14.0,Imputed missing/zero numerical value using regional median.
1582,B04961LZ,LOAD_LIMIT,IMPUTED_MEDIAN,14.0,Imputed missing/zero numerical value using regional median.
1585,B04455LZ,LOAD_LIMIT,IMPUTED_MEDIAN,15.0,Imputed missing/zero numerical value using regional median.
1591,B04373LZ,LOAD_LIMIT,IMPUTED_MEDIAN,15.0,Imputed missing/zero numerical value using regional median.
1592,B04417LZ,LOAD_LIMIT,IMPUTED_MEDIAN,14.0,Imputed missing/zero numerical value using regional median.
1593,B04835LZ,LOAD_LIMIT,IMPUTED_MEDIAN,14.0,Imputed missing/zero numerical value using regional median.
1608,B01258LZ,LOAD_LIMIT,IMPUTED_MEDIAN,15.0,Imputed missing/zero numerical value using regional median.
1610,B04191LZ,LOAD_LIMIT,IMPUTED_MEDIAN,14.0,Imputed missing/zero numerical value using regional median.
1612,B04586LZ,LOAD_LIMIT,IMPUTED_MEDIAN,14.0,Imputed missing/zero numerical value using regional median.
1618,B03297LZ,LOAD_LIMIT,IMPUTED_MEDIAN,14.0,Imputed missing/zero numerical value using regional median.
1625,B04625LZ,LOAD_LIMIT,IMPUTED_MEDIAN,14.0,Imputed missing/zero numerical value using regional median.
1636,B04878LZ,LOAD_LIMIT,IMPUTED_MEDIAN,14.0,Imputed missing/zero numerical value using regional median.
1644,B05024LZ,LOAD_LIMIT,IMPUTED_MEDIAN,14.0,Imputed missing/zero numerical value using regional median.
1645,B04723LZ,LOAD_LIMIT,IMPUTED_MEDIAN,14.0,Imputed missing/zero numerical value using regional median.
1648,B01687LZ,LOAD_LIMIT,IMPUTED_MEDIAN,14.0,Imputed missing/zero numerical value using regional median.
1652,B04346LZ,LOAD_LIMIT,IMPUTED_MEDIAN,14.0,Imputed missing/zero numerical value using regional median.
1653,B04675LZ,LOAD_LIMIT,IMPUTED_MEDIAN,14.0,Imputed missing/zero numerical value using regional median.
1658,B01230LZ,LOAD_LIMIT,IMPUTED_MEDIAN,15.0,Imputed missing/zero numerical value using regional median.
1668,B04682LZ,LOAD_LIMIT,IMPUTED_MEDIAN,14.0,Imputed missing/zero numerical value using regional median.
1670,B04615LZ,LOAD_LIMIT,IMPUTED_MEDIAN,14.0,Imputed missing/zero numerical value using regional median.
1671,B01533LZ,LOAD_LIMIT,IMPUTED_MEDIAN,15.0,Imputed missing/zero numerical value using regional median.
1676,B04662LZ,LOAD_LIMIT,IMPUTED_MEDIAN,14.0,Imputed missing/zero numerical value using regional median.
1678,B01988LZ,LOAD_LIMIT,IMPUTED_MEDIAN,14.0,Imputed missing/zero numerical value using regional median.
1687,B04467LZ,LOAD_LIMIT,IMPUTED_MEDIAN,14.0,Imputed missing/zero numerical value using regional median.
1691,B03418LZ,LOAD_LIMIT,IMPUTED_MEDIAN,14.0,Imputed missing/zero numerical value using regional median.
1692,B04879LZ,LOAD_LIMIT,IMPUTED_MEDIAN,14.0,Imputed missing/zero numerical value using regional median.
1696,B04654LZ,LOAD_LIMIT,IMPUTED_MEDIAN,14.0,Imputed missing/zero numerical value using regional median.
1697,B00023LZ,LOAD_LIMIT,IMPUTED_MEDIAN,14.0,Imputed missing/zero numerical value using regional median.
1713,B04657LZ,LOAD_LIMIT,IMPUTED_MEDIAN,14.0,Imputed missing/zero numerical value using regional median.
1721,B03401LZ,LOAD_LIMIT,IMPUTED_MEDIAN,14.0,Imputed missing/zero numerical value using regional median.
1730,B02094LZ,LOAD_LIMIT,IMPUTED_MEDIAN,14.0,Imputed missing/zero numerical value using regional median.
1738,B03279LZ,LOAD_LIMIT,IMPUTED_MEDIAN,14.0,Imputed missing/zero numerical value using regional median.
1740,B01649LZ,LOAD_LIMIT,IMPUTED_MEDIAN,14.0,Imputed missing/zero numerical value using regional median.
1743,B00490LZ,LOAD_LIMIT,IMPUTED_MEDIAN,14.0,Imputed missing/zero numerical value using regional median.
1744,B01245LZ,LOAD_LIMIT,IMPUTED_MEDIAN,15.0,Imputed missing/zero numerical value using regional median.
1746,B04556LZ,LOAD_LIMIT,IMPUTED_MEDIAN,14.0,Imputed missing/zero numerical value using regional median.
1747,B03423LZ,LOAD_LIMIT,IMPUTED_MEDIAN,14.0,Imputed missing/zero numerical value using regional median.
1748,B03395LZ,LOAD_LIMIT,IMPUTED_MEDIAN,14.0,Imputed missing/zero numerical value using regional median.
1749,B04966LZ,LOAD_LIMIT,IMPUTED_MEDIAN,14.0,Imputed missing/zero numerical value using regional median.
1764,B04863LZ,LOAD_LIMIT,IMPUTED_MEDIAN,14.0,Imputed missing/zero numerical value using regional median.
1766,B01577LZ,LOAD_LIMIT,IMPUTED_MEDIAN,14.0,Imputed missing/zero numerical value using regional median.
1774,B04409LZ,LOAD_LIMIT,IMPUTED_MEDIAN,14.0,Imputed missing/zero numerical value using regional median.
1775,B04344LZ,LOAD_LIMIT,IMPUTED_MEDIAN,14.0,Imputed missing/zero numerical value using regional median.
1779,B04614LZ,LOAD_LIMIT,IMPUTED_MEDIAN,14.0,Imputed missing/zero numerical value using regional median.
1782,B04708LZ,LOAD_LIMIT,IMPUTED_MEDIAN,14.0,Imputed missing/zero numerical value using regional median.
1785,B03242LZ,LOAD_LIMIT,IMPUTED_MEDIAN,15.0,Imputed missing/zero numerical value using regional median.
1786,B00018LZ,LOAD_LIMIT,IMPUTED_MEDIAN,14.0,Imputed missing/zero numerical value using regional median.
1792,B03031LZ,LOAD_LIMIT,IMPUTED_MEDIAN,15.0,Imputed missing/zero numerical value using regional median.
1793,B05009LZ,LOAD_LIMIT,IMPUTED_MEDIAN,14.0,Imputed missing/zero numerical value using regional median.
1794,B04649LZ,LOAD_LIMIT,IMPUTED_MEDIAN,15.0,Imputed missing/zero numerical value using regional median.
1806,B04650LZ,LOAD_LIMIT,IMPUTED_MEDIAN,15.0,Imputed missing/zero numerical value using regional median.
1821,B01282LZ,LOAD_LIMIT,IMPUTED_MEDIAN,14.0,Imputed missing/zero numerical value using regional median.
1825,B04350LZ,LOAD_LIMIT,IMPUTED_MEDIAN,14.0,Imputed missing/zero numerical value using regional median.
1831,B01259LZ,LOAD_LIMIT,IMPUTED_MEDIAN,15.0,Imputed missing/zero numerical value using regional median.
1835,B03295LZ,LOAD_LIMIT,IMPUTED_MEDIAN,14.0,Imputed missing/zero numerical value using regional median.
1838,B03275LZ,LOAD_LIMIT,IMPUTED_MEDIAN,14.0,Imputed missing/zero numerical value using regional median.
1839,B01412LZ,LOAD_LIMIT,IMPUTED_MEDIAN,14.0,Imputed missing/zero numerical value using regional median.
1843,B04647LZ,LOAD_LIMIT,IMPUTED_MEDIAN,15.0,Imputed missing/zero numerical value using regional median.
1847,B01226LZ,LOAD_LIMIT,IMPUTED_MEDIAN,15.0,Imputed missing/zero numerical value using regional median.
1851,B04825LZ,LOAD_LIMIT,IMPUTED_MEDIAN,14.0,Imputed missing/zero numerical value using regional median.
1858,B03294LZ,LOAD_LIMIT,IMPUTED_MEDIAN,14.0,Imputed missing/zero numerical value using regional median.
1860,B04648LZ,LOAD_LIMIT,IMPUTED_MEDIAN,15.0,Imputed missing/zero numerical value using regional median.
1866,B03403LZ,LOAD_LIMIT,IMPUTED_MEDIAN,14.0,Imputed missing/zero numerical value using regional median.
1871,B04348LZ,LOAD_LIMIT,IMPUTED_MEDIAN,14.0,Imputed missing/zero numerical value using regional median.
1872,B00118LZ,LOAD_LIMIT,IMPUTED_MEDIAN,14.0,Imputed missing/zero numerical value using regional median.
1876,B01581LZ,LOAD_LIMIT,IMPUTED_MEDIAN,14.0,Imputed missing/zero numerical value using regional median.
1886,B04619LZ,LOAD_LIMIT,IMPUTED_MEDIAN,14.0,Imputed missing/zero numerical value using regional median.
1887,B04651LZ,LOAD_LIMIT,IMPUTED_MEDIAN,15.0,Imputed missing/zero numerical value using regional median.
1891,B04677LZ,LOAD_LIMIT,IMPUTED_MEDIAN,14.0,Imputed missing/zero numerical value using regional median.
1898,B04466LZ,LOAD_LIMIT,IMPUTED_MEDIAN,14.0,Imputed missing/zero numerical value using regional median.
1901,B04555LZ,LOAD_LIMIT,IMPUTED_MEDIAN,14.0,Imputed missing/zero numerical value using regional median.
1905,B04722LZ,LOAD_LIMIT,IMPUTED_MEDIAN,15.0,Imputed missing/zero numerical value using regional median.
1906,B01723LZ,LOAD_LIMIT,IMPUTED_MEDIAN,14.0,Imputed missing/zero numerical value using regional median.
1909,B01453LZ,LOAD_LIMIT,IMPUTED_MEDIAN,14.0,Imputed missing/zero numerical value using regional median.
1913,B02524LZ,LOAD_LIMIT,IMPUTED_MEDIAN,15.0,Imputed missing/zero numerical value using regional median.
1918,B04710LZ,LOAD_LIMIT,IMPUTED_MEDIAN,14.0,Imputed missing/zero numerical value using regional median.
1919,B04754LZ,LOAD_LIMIT,IMPUTED_MEDIAN,15.0,Imputed missing/zero numerical value using regional median.
1926,B01354LZ,LOAD_LIMIT,IMPUTED_MEDIAN,14.0,Imputed missing/zero numerical value using regional median.
1927,B00329LZ,LOAD_LIMIT,IMPUTED_MEDIAN,14.0,Imputed missing/zero numerical value using regional median.
1928,B04335LZ,LOAD_LIMIT,IMPUTED_MEDIAN,15.0,Imputed missing/zero numerical value using regional median.
1930,B00137LZ,LOAD_LIMIT,IMPUTED_MEDIAN,14.0,Imputed missing/zero numerical value using regional median.
1931,B03396LZ,LOAD_LIMIT,IMPUTED_MEDIAN,14.0,Imputed missing/zero numerical value using regional median.
1933,B03433LZ,LOAD_LIMIT,IMPUTED_MEDIAN,14.0,Imputed missing/zero numerical value using regional median.
1935,B04345LZ,LOAD_LIMIT,IMPUTED_MEDIAN,14.0,Imputed missing/zero numerical value using regional median.
1937,B01654LZ,LOAD_LIMIT,IMPUTED_MEDIAN,14.0,Imputed missing/zero numerical value using regional median.
1948,B03402LZ,LOAD_LIMIT,IMPUTED_MEDIAN,14.0,Imputed missing/zero numerical value using regional median.
1950,B02081LZ,LOAD_LIMIT,IMPUTED_MEDIAN,15.0,Imputed missing/zero numerical value using regional median.
1952,B01415LZ,LOAD_LIMIT,IMPUTED_MEDIAN,14.0,Imputed missing/zero numerical value using regional median.
1959,B04712LZ,LOAD_LIMIT,IMPUTED_MEDIAN,14.0,Imputed missing/zero numerical value using regional median.
1961,B01240LZ,LOAD_LIMIT,IMPUTED_MEDIAN,15.0,Imputed missing/zero numerical value using regional median.
1962,B01650LZ,LOAD_LIMIT,IMPUTED_MEDIAN,14.0,Imputed missing/zero numerical value using regional median.
1966,B04876LZ,LOAD_LIMIT,IMPUTED_MEDIAN,14.0,Imputed missing/zero numerical value using regional median.
1972,B01611LZ,LOAD_LIMIT,IMPUTED_MEDIAN,14.0,Imputed missing/zero numerical value using regional median.
1976,B01590LZ,LOAD_LIMIT,IMPUTED_MEDIAN,14.0,Imputed missing/zero numerical value using regional median.
1977,B04823LZ,LOAD_LIMIT,IMPUTED_MEDIAN,14.0,Imputed missing/zero numerical value using regional median.
1978,B03404LZ,LOAD_LIMIT,IMPUTED_MEDIAN,14.0,Imputed missing/zero numerical value using regional median.
1980,B04660LZ,LOAD_LIMIT,IMPUTED_MEDIAN,14.0,Imputed missing/zero numerical value using regional median.
1986,B01486LZ,LOAD_LIMIT,IMPUTED_MEDIAN,14.0,Imputed missing/zero numerical value using regional median.
1989,B01585LZ,LOAD_LIMIT,IMPUTED_MEDIAN,14.0,Imputed missing/zero numerical value using regional median.
1992,B04963LZ,LOAD_LIMIT,IMPUTED_MEDIAN,14.0,Imputed missing/zero numerical value using regional median.
1994,B04681LZ,LOAD_LIMIT,IMPUTED_MEDIAN,14.0,Imputed missing/zero numerical value using regional median.
1997,B03419LZ,LOAD_LIMIT,IMPUTED_MEDIAN,14.0,Imputed missing/zero numerical value using regional median.
2001,B04837LZ,LOAD_LIMIT,IMPUTED_MEDIAN,15.0,Imputed missing/zero numerical value using regional median.
2002,B04531LZ,LOAD_LIMIT,IMPUTED_MEDIAN,15.0,Imputed missing/zero numerical value using regional median.
2005,B04664LZ,LOAD_LIMIT,IMPUTED_MEDIAN,14.0,Imputed missing/zero numerical value using regional median.
2009,B04967LZ,LOAD_LIMIT,IMPUTED_MEDIAN,14.0,Imputed missing/zero numerical value using regional median.
2011,B01985LZ,LOAD_LIMIT,IMPUTED_MEDIAN,14.0,Imputed missing/zero numerical value using regional median.
2018,B01721LZ,LOAD_LIMIT,IMPUTED_MEDIAN,14.0,Imputed missing/zero numerical value using regional median.
2024,B02519LZ,LOAD_LIMIT,IMPUTED_MEDIAN,15.0,Imputed missing/zero numerical value using regional median.
2033,B03298LZ,LOAD_LIMIT,IMPUTED_MEDIAN,14.0,Imputed missing/zero numerical value using regional median.
2036,B04349LZ,LOAD_LIMIT,IMPUTED_MEDIAN,14.0,Imputed missing/zero numerical value using regional median.
2043,B04728LZ,LOAD_LIMIT,IMPUTED_MEDIAN,14.0,Imputed missing/zero numerical value using regional median.
2047,B05011LZ,LOAD_LIMIT,IMPUTED_MEDIAN,14.0,Imputed missing/zero numerical value using regional median.
2051,B04727LZ,LOAD_LIMIT,IMPUTED_MEDIAN,14.0,Imputed missing/zero numerical value using regional median.
2060,B04921LZ,LOAD_LIMIT,IMPUTED_MEDIAN,15.0,Imputed missing/zero numerical value using regional median.
2062,B04834LZ,LOAD_LIMIT,IMPUTED_MEDIAN,14.0,Imputed missing/zero numerical value using regional median.
2063,B01718LZ,LOAD_LIMIT,IMPUTED_MEDIAN,14.0,Imputed missing/zero numerical value using regional median.
2067,B01588LZ,LOAD_LIMIT,IMPUTED_MEDIAN,14.0,Imputed missing/zero numerical value using regional median.
2068,B03367LZ,LOAD_LIMIT,IMPUTED_MEDIAN,15.0,Imputed missing/zero numerical value using regional median.
2071,B01484LZ,LOAD_LIMIT,IMPUTED_MEDIAN,14.0,Imputed missing/zero numerical value using regional median.
2074,B04663LZ,LOAD_LIMIT,IMPUTED_MEDIAN,14.0,Imputed missing/zero numerical value using regional median.
2078,B04623LZ,LOAD_LIMIT,IMPUTED_MEDIAN,14.0,Imputed missing/zero numerical value using regional median.
2084,B04960LZ,LOAD_LIMIT,IMPUTED_MEDIAN,14.0,Imputed missing/zero numerical value using regional median.
2086,B03421LZ,LOAD_LIMIT,IMPUTED_MEDIAN,14.0,Imputed missing/zero numerical value using regional median.
2089,B04680LZ,LOAD_LIMIT,IMPUTED_MEDIAN,14.0,Imputed missing/zero numerical value using regional median.
2091,B04443LZ,LOAD_LIMIT,IMPUTED_MEDIAN,15.0,Imputed missing/zero numerical value using regional median.
2092,B03069LZ,LOAD_LIMIT,IMPUTED_MEDIAN,15.0,Imputed missing/zero numerical value using regional median.
2099,B03019LZ,LOAD_LIMIT,IMPUTED_MEDIAN,14.0,Imputed missing/zero numerical value using regional median.
2104,B03393LZ,LOAD_LIMIT,IMPUTED_MEDIAN,14.0,Imputed missing/zero numerical value using regional median.
2108,B04670LZ,LOAD_LIMIT,IMPUTED_MEDIAN,14.0,Imputed missing/zero numerical value using regional median.
2111,B03425LZ,LOAD_LIMIT,IMPUTED_MEDIAN,14.0,Imputed missing/zero numerical value using regional median.
2120,B03438LZ,LOAD_LIMIT,IMPUTED_MEDIAN,14.0,Imputed missing/zero numerical value using regional median.
2125,B03394LZ,LOAD_LIMIT,IMPUTED_MEDIAN,14.0,Imputed missing/zero numerical value using regional median.
2131,B04678LZ,LOAD_LIMIT,IMPUTED_MEDIAN,14.0,Imputed missing/zero numerical value using regional median.
2137,B04965LZ,LOAD_LIMIT,IMPUTED_MEDIAN,14.0,Imputed missing/zero numerical value using regional median.
2139,B02106LZ,LOAD_LIMIT,IMPUTED_MEDIAN,14.0,Imputed missing/zero numerical value using regional median.
2141,B03386LZ,LOAD_LIMIT,IMPUTED_MEDIAN,15.0,Imputed missing/zero numerical value using regional median.
2145,B04639LZ,LOAD_LIMIT,IMPUTED_MEDIAN,15.0,Imputed missing/zero numerical value using regional median.
2147,B03245LZ,LOAD_LIMIT,IMPUTED_MEDIAN,15.0,Imputed missing/zero numerical value using regional median.
2148,B01731LZ,LOAD_LIMIT,IMPUTED_MEDIAN,14.0,Imputed missing/zero numerical value using regional median.
2151,B04418LZ,LOAD_LIMIT,IMPUTED_MEDIAN,14.0,Imputed missing/zero numerical value using regional median.
2157,B04820LZ,LOAD_LIMIT,IMPUTED_MEDIAN,14.0,Imputed missing/zero numerical value using regional median.
2159,B03432LZ,LOAD_LIMIT,IMPUTED_MEDIAN,14.0,Imputed missing/zero numerical value using regional median.
2160,B04962LZ,LOAD_LIMIT,IMPUTED_MEDIAN,14.0,Imputed missing/zero numerical value using regional median.
2161,B03276LZ,LOAD_LIMIT,IMPUTED_MEDIAN,14.0,Imputed missing/zero numerical value using regional median.
2162,B04880LZ,LOAD_LIMIT,IMPUTED_MEDIAN,14.0,Imputed missing/zero numerical value using regional median.
2176,B02082LZ,LOAD_LIMIT,IMPUTED_MEDIAN,15.0,Imputed missing/zero numerical value using regional median.
2177,B01439LZ,LOAD_LIMIT,IMPUTED_MEDIAN,14.0,Imputed missing/zero numerical value using regional median.
2179,B01953LZ,LOAD_LIMIT,IMPUTED_MEDIAN,14.0,Imputed missing/zero numerical value using regional median.
2180,B04212LZ,LOAD_LIMIT,IMPUTED_MEDIAN,14.0,Imputed missing/zero numerical value using regional median.
2181,B01730LZ,LOAD_LIMIT,IMPUTED_MEDIAN,14.0,Imputed missing/zero numerical value using regional median.
2196,B02079LZ,LOAD_LIMIT,IMPUTED_MEDIAN,15.0,Imputed missing/zero numerical value using regional median.
2201,B03390LZ,LOAD_LIMIT,IMPUTED_MEDIAN,14.0,Imputed missing/zero numerical value using regional median.
2205,B04711LZ,LOAD_LIMIT,IMPUTED_MEDIAN,14.0,Imputed missing/zero numerical value using regional median.
2213,B01452LZ,LOAD_LIMIT,IMPUTED_MEDIAN,14.0,Imputed missing/zero numerical value using regional median.
2233,B04554LZ,LOAD_LIMIT,IMPUTED_MEDIAN,14.0,Imputed missing/zero numerical value using regional median.
2248,B01725LZ,LOAD_LIMIT,IMPUTED_MEDIAN,14.0,Imputed missing/zero numerical value using regional median.
2254,B04369LZ,LOAD_LIMIT,IMPUTED_MEDIAN,15.0,Imputed missing/zero numerical value using regional median.
2257,B01648LZ,LOAD_LIMIT,IMPUTED_MEDIAN,14.0,Imputed missing/zero numerical value using regional median.
2263,B03392LZ,LOAD_LIMIT,IMPUTED_MEDIAN,14.0,Imputed missing/zero numerical value using regional median.
2264,B04679LZ,LOAD_LIMIT,IMPUTED_MEDIAN,14.0,Imputed missing/zero numerical value using regional median.
2268,B04655LZ,LOAD_LIMIT,IMPUTED_MEDIAN,14.0,Imputed missing/zero numerical value using regional median.
2269,B03422LZ,LOAD_LIMIT,IMPUTED_MEDIAN,14.0,Imputed missing/zero numerical value using regional median.
2271,B04367LZ,LOAD_LIMIT,IMPUTED_MEDIAN,15.0,Imputed missing/zero numerical value using regional median.
2273,B01689LZ,LOAD_LIMIT,IMPUTED_MEDIAN,14.0,Imputed missing/zero numerical value using regional median.
2275,B01227LZ,LOAD_LIMIT,IMPUTED_MEDIAN,15.0,Imputed missing/zero numerical value using regional median.
2280,B01950LZ,LOAD_LIMIT,IMPUTED_MEDIAN,14.0,Imputed missing/zero numerical value using regional median.
2284,B03020LZ,LOAD_LIMIT,IMPUTED_MEDIAN,14.0,Imputed missing/zero numerical value using regional median.
2292,B04190LZ,LOAD_LIMIT,IMPUTED_MEDIAN,14.0,Imputed missing/zero numerical value using regional median.
2297,B04231LZ,LOAD_LIMIT,IMPUTED_MEDIAN,14.0,Imputed missing/zero numerical value using regional median.
2306,B00985LZ,LOAD_LIMIT,IMPUTED_MEDIAN,15.0,Imputed missing/zero numerical value using regional median.
2317,B04189LZ,LOAD_LIMIT,IMPUTED_MEDIAN,14.0,Imputed missing/zero numerical value using regional median.
2319,B01630LZ,LOAD_LIMIT,IMPUTED_MEDIAN,14.0,Imputed missing/zero numerical value using regional median.
2320,B05010LZ,LOAD_LIMIT,IMPUTED_MEDIAN,14.0,Imputed missing/zero numerical value using regional median.
2332,B04706LZ,LOAD_LIMIT,IMPUTED_MEDIAN,14.0,Imputed missing/zero numerical value using regional median.
2335,B02802LZ,LOAD_LIMIT,IMPUTED_MEDIAN,15.0,Imputed missing/zero numerical value using regional median.
2342,B04465LZ,LOAD_LIMIT,IMPUTED_MEDIAN,14.0,Imputed missing/zero numerical value using regional median.
2345,B01317LZ,LOAD_LIMIT,IMPUTED_MEDIAN,14.0,Imputed missing/zero numerical value using regional median.
2349,B03241LZ,LOAD_LIMIT,IMPUTED_MEDIAN,15.0,Imputed missing/zero numerical value using regional median.
2351,B04415LZ,LOAD_LIMIT,IMPUTED_MEDIAN,14.0,Imputed missing/zero numerical value using regional median.
2352,B04873LZ,LOAD_LIMIT,IMPUTED_MEDIAN,14.0,Imputed missing/zero numerical value using regional median.
2364,B03293LZ,LOAD_LIMIT,IMPUTED_MEDIAN,14.0,Imputed missing/zero numerical value using regional median.
2365,B03361LZ,LOAD_LIMIT,IMPUTED_MEDIAN,14.0,Imputed missing/zero numerical value using regional median.
2366,B04370LZ,LOAD_LIMIT,IMPUTED_MEDIAN,15.0,Imputed missing/zero numerical value using regional median.
2368,B00028LZ,LOAD_LIMIT,IMPUTED_MEDIAN,14.0,Imputed missing/zero numerical value using regional median.
2369,B01229LZ,LOAD_LIMIT,IMPUTED_MEDIAN,15.0,Imputed missing/zero numerical value using regional median.
2370,B02901LZ,LOAD_LIMIT,IMPUTED_MEDIAN,15.0,Imputed missing/zero numerical value using regional median.
2381,B04620LZ,LOAD_LIMIT,IMPUTED_MEDIAN,14.0,Imputed missing/zero numerical value using regional median.
2384,B01457LZ,LOAD_LIMIT,IMPUTED_MEDIAN,14.0,Imputed missing/zero numerical value using regional median.
2386,B01727LZ,LOAD_LIMIT,IMPUTED_MEDIAN,14.0,Imputed missing/zero numerical value using regional median.
2387,B03385LZ,LOAD_LIMIT,IMPUTED_MEDIAN,15.0,Imputed missing/zero numerical value using regional median.
2390,B00016LZ,LOAD_LIMIT,IMPUTED_MEDIAN,14.0,Imputed missing/zero numerical value using regional median.
2397,B02898LZ,LOAD_LIMIT,IMPUTED_MEDIAN,15.0,Imputed missing/zero numerical value using regional median.
2405,B04558LZ,LOAD_LIMIT,IMPUTED_MEDIAN,14.0,Imputed missing/zero numerical value using regional median.
2406,B03398LZ,LOAD_LIMIT,IMPUTED_MEDIAN,14.0,Imputed missing/zero numerical value using regional median.
2407,B03059LZ,LOAD_LIMIT,IMPUTED_MEDIAN,15.0,Imputed missing/zero numerical value using regional median.
2408,B03417LZ,LOAD_LIMIT,IMPUTED_MEDIAN,14.0,Imputed missing/zero numerical value using regional median.
2411,B04666LZ,LOAD_LIMIT,IMPUTED_MEDIAN,14.0,Imputed missing/zero numerical value using regional median.
2414,B04641LZ,LOAD_LIMIT,IMPUTED_MEDIAN,15.0,Imputed missing/zero numerical value using regional median.
2419,B03277LZ,LOAD_LIMIT,IMPUTED_MEDIAN,14.0,Imputed missing/zero numerical value using regional median.
2420,B03391LZ,LOAD_LIMIT,IMPUTED_MEDIAN,14.0,Imputed missing/zero numerical value using regional median.
2436,B01442LZ,LOAD_LIMIT,IMPUTED_MEDIAN,14.0,Imputed missing/zero numerical value using regional median.
2439,B03437LZ,LOAD_LIMIT,IMPUTED_MEDIAN,14.0,Imputed missing/zero numerical value using regional median.
2440,B04195LZ,LOAD_LIMIT,IMPUTED_MEDIAN,14.0,Imputed missing/zero numerical value using regional median.
2442,B04709LZ,LOAD_LIMIT,IMPUTED_MEDIAN,14.0,Imputed missing/zero numerical value using regional median.
2446,B02103LZ,LOAD_LIMIT,IMPUTED_MEDIAN,14.0,Imputed missing/zero numerical value using regional median.
2449,B04412LZ,LOAD_LIMIT,IMPUTED_MEDIAN,14.0,Imputed missing/zero numerical value using regional median.
2452,B04463LZ,LOAD_LIMIT,IMPUTED_MEDIAN,14.0,Imputed missing/zero numerical value using regional median.
2460,B04658LZ,LOAD_LIMIT,IMPUTED_MEDIAN,14.0,Imputed missing/zero numerical value using regional median.
2462,B04557LZ,LOAD_LIMIT,IMPUTED_MEDIAN,14.0,Imputed missing/zero numerical value using regional median.
2467,B04826LZ,LOAD_LIMIT,IMPUTED_MEDIAN,15.0,Imputed missing/zero numerical value using regional median.
2470,B04534LZ,LOAD_LIMIT,IMPUTED_MEDIAN,15.0,Imputed missing/zero numerical value using regional median.
2473,B02095LZ,LOAD_LIMIT,IMPUTED_MEDIAN,14.0,Imputed missing/zero numerical value using regional median.
2475,B03415LZ,LOAD_LIMIT,IMPUTED_MEDIAN,14.0,Imputed missing/zero numerical value using regional median.
2480,B01728LZ,LOAD_LIMIT,IMPUTED_MEDIAN,14.0,Imputed missing/zero numerical value using regional median.
2489,B03405LZ,LOAD_LIMIT,IMPUTED_MEDIAN,14.0,Imputed missing/zero numerical value using regional median.
2490,B04444LZ,LOAD_LIMIT,IMPUTED_MEDIAN,15.0,Imputed missing/zero numerical value using regional median.
2495,B01656LZ,LOAD_LIMIT,IMPUTED_MEDIAN,14.0,Imputed missing/zero numerical value using regional median.
2500,B04408LZ,LOAD_LIMIT,IMPUTED_MEDIAN,14.0,Imputed missing/zero numerical value using regional median.
2502,B01260LZ,LOAD_LIMIT,IMPUTED_MEDIAN,15.0,Imputed missing/zero numerical value using regional median.
2503,B01732LZ,LOAD_LIMIT,IMPUTED_MEDIAN,14.0,Imputed missing/zero numerical value using regional median.
2507,B04347LZ,LOAD_LIMIT,IMPUTED_MEDIAN,14.0,Imputed missing/zero numerical value using regional median.
2510,B04667LZ,LOAD_LIMIT,IMPUTED_MEDIAN,14.0,Imputed missing/zero numerical value using regional median.
2514,B03251LZ,LOAD_LIMIT,IMPUTED_MEDIAN,15.0,Imputed missing/zero numerical value using regional median.
2520,B03400LZ,LOAD_LIMIT,IMPUTED_MEDIAN,14.0,Imputed missing/zero numerical value using regional median.
2534,B04665LZ,LOAD_LIMIT,IMPUTED_MEDIAN,14.0,Imputed missing/zero numerical value using regional median.
2539,B04638LZ,LOAD_LIMIT,IMPUTED_MEDIAN,15.0,Imputed missing/zero numerical value using regional median.
2540,B01616LZ,LOAD_LIMIT,IMPUTED_MEDIAN,14.0,Imputed missing/zero numerical value using regional median.
2547,B03042LZ,LOAD_LIMIT,IMPUTED_MEDIAN,15.0,Imputed missing/zero numerical value using regional median.
2549,B01236LZ,LOAD_LIMIT,IMPUTED_MEDIAN,15.0,Imputed missing/zero numerical value using regional median.
2561,B04877LZ,LOAD_LIMIT,IMPUTED_MEDIAN,14.0,Imputed missing/zero numerical value using regional median.
2562,B01262LZ,LOAD_LIMIT,IMPUTED_MEDIAN,15.0,Imputed missing/zero numerical value using regional median.
2564,B04192LZ,LOAD_LIMIT,IMPUTED_MEDIAN,14.0,Imputed missing/zero numerical value using regional median.
2566,B03434LZ,LOAD_LIMIT,IMPUTED_MEDIAN,14.0,Imputed missing/zero numerical value using regional median.
2569,B03420LZ,LOAD_LIMIT,IMPUTED_MEDIAN,14.0,Imputed missing/zero numerical value using regional median.
2570,B01419LZ,LOAD_LIMIT,IMPUTED_MEDIAN,14.0,Imputed missing/zero numerical value using regional median.
2572,B03296LZ,LOAD_LIMIT,IMPUTED_MEDIAN,14.0,Imputed missing/zero numerical value using regional median.
2577,B04640LZ,LOAD_LIMIT,IMPUTED_MEDIAN,15.0,Imputed missing/zero numerical value using regional median.
2579,B01299LZ,LOAD_LIMIT,IMPUTED_MEDIAN,15.0,Imputed missing/zero numerical value using regional median.
2595,B04836LZ,LOAD_LIMIT,IMPUTED_MEDIAN,14.0,Imputed missing/zero numerical value using regional median.
2597,B03148LZ,LOAD_LIMIT,IMPUTED_MEDIAN,15.0,Imputed missing/zero numerical value using regional median.
2602,B01466LZ,LOAD_LIMIT,IMPUTED_MEDIAN,14.0,Imputed missing/zero numerical value using regional median.
2604,B04548LZ,LOAD_LIMIT,IMPUTED_MEDIAN,14.0,Imputed missing/zero numerical value using regional median.
2605,B05018LZ,LOAD_LIMIT,IMPUTED_MEDIAN,14.0,Imputed missing/zero numerical value using regional median.
2610,B04371LZ,LOAD_LIMIT,IMPUTED_MEDIAN,15.0,Imputed missing/zero numerical value using regional median.
2613,B01726LZ,LOAD_LIMIT,IMPUTED_MEDIAN,14.0,Imputed missing/zero numerical value using regional median.
2623,B04824LZ,LOAD_LIMIT,IMPUTED_MEDIAN,14.0,Imputed missing/zero numerical value using regional median.
2626,B04451LZ,LOAD_LIMIT,IMPUTED_MEDIAN,15.0,Imputed missing/zero numerical value using regional median.
2627,B01446LZ,LOAD_LIMIT,IMPUTED_MEDIAN,14.0,Imputed missing/zero numerical value using regional median.
2629,B04683LZ,LOAD_LIMIT,IMPUTED_MEDIAN,14.0,Imputed missing/zero numerical value using regional median.
2635,B04707LZ,LOAD_LIMIT,IMPUTED_MEDIAN,14.0,Imputed missing/zero numerical value using regional median.
2639,B00019LZ,LOAD_LIMIT,IMPUTED_MEDIAN,14.0,Imputed missing/zero numerical value using regional median.
2647,B01609LZ,LOAD_LIMIT,IMPUTED_MEDIAN,14.0,Imputed missing/zero numerical value using regional median.
2648,B02808LZ,LOAD_LIMIT,IMPUTED_MEDIAN,15.0,Imputed missing/zero numerical value using regional median.
2649,B03431LZ,LOAD_LIMIT,IMPUTED_MEDIAN,14.0,Imputed missing/zero numerical value using regional median.
2653,B04676LZ,LOAD_LIMIT,IMPUTED_MEDIAN,14.0,Imputed missing/zero numerical value using regional median.
2654,B01307LZ,LOAD_LIMIT,IMPUTED_MEDIAN,14.0,Imputed missing/zero numerical value using regional median.
2674,B04821LZ,LOAD_LIMIT,IMPUTED_MEDIAN,14.0,Imputed missing/zero numerical value using regional median.
2677,B01942LZ,LOAD_LIMIT,IMPUTED_MEDIAN,15.0,Imputed missing/zero numerical value using regional median.
2681,B04411LZ,LOAD_LIMIT,IMPUTED_MEDIAN,14.0,Imputed missing/zero numerical value using regional median.
2693,B04724LZ,LOAD_LIMIT,IMPUTED_MEDIAN,14.0,Imputed missing/zero numerical value using regional median.
2694,B02078LZ,LOAD_LIMIT,IMPUTED_MEDIAN,15.0,Imputed missing/zero numerical value using regional median.
2696,B04673LZ,LOAD_LIMIT,IMPUTED_MEDIAN,14.0,Imputed missing/zero numerical value using regional median.
2711,B04822LZ,LOAD_LIMIT,IMPUTED_MEDIAN,14.0,Imputed missing/zero numerical value using regional median.
2714,B04661LZ,LOAD_LIMIT,IMPUTED_MEDIAN,14.0,Imputed missing/zero numerical value using regional median.
2715,B01416LZ,LOAD_LIMIT,IMPUTED_MEDIAN,14.0,Imputed missing/zero numerical value using regional median.
2718,B04441LZ,LOAD_LIMIT,IMPUTED_MEDIAN,15.0,Imputed missing/zero numerical value using regional median.
2724,B04211LZ,LOAD_LIMIT,IMPUTED_MEDIAN,14.0,Imputed missing/zero numerical value using regional median.
2726,B01514LZ,LOAD_LIMIT,IMPUTED_MEDIAN,14.0,Imputed missing/zero numerical value using regional median.
2728,B04957LZ,LOAD_LIMIT,IMPUTED_MEDIAN,14.0,Imputed missing/zero numerical value using regional median.
2733,B01235LZ,LOAD_LIMIT,IMPUTED_MEDIAN,15.0,Imputed missing/zero numerical value using regional median.
2740,B04368LZ,LOAD_LIMIT,IMPUTED_MEDIAN,15.0,Imputed missing/zero numerical value using regional median.
2744,B04979LZ,LOAD_LIMIT,IMPUTED_MEDIAN,15.0,Imputed missing/zero numerical value using regional median.
2745,B04671LZ,LOAD_LIMIT,IMPUTED_MEDIAN,14.0,Imputed missing/zero numerical value using regional median.
2746,B04964LZ,LOAD_LIMIT,IMPUTED_MEDIAN,14.0,Imputed missing/zero numerical value using regional median.
2747,B01578LZ,LOAD_LIMIT,IMPUTED_MEDIAN,14.0,Imputed missing/zero numerical value using regional median.
2749,B04552LZ,LOAD_LIMIT,IMPUTED_MEDIAN,14.0,Imputed missing/zero numerical value using regional median.
2751,B04656LZ,LOAD_LIMIT,IMPUTED_MEDIAN,14.0,Imputed missing/zero numerical value using regional median.
2769,B01710MN,LOAD_LIMIT,IMPUTED_MEDIAN,15.0,Imputed missing/zero numerical value using regional median.
2785,B00045CR,LOAD_LIMIT,IMPUTED_MEDIAN,15.0,Imputed missing/zero numerical value using regional median.
2788,B00335PW,LOAD_LIMIT,IMPUTED_MEDIAN,15.0,Imputed missing/zero numerical value using regional median.
2796,B00218MR,LOAD_LIMIT,IMPUTED_MEDIAN,15.0,Imputed missing/zero numerical value using regional median.
2800,B00081CN,LOAD_LIMIT,IMPUTED_MEDIAN,15.0,Imputed missing/zero numerical value using regional median.
2805,B02388LZ,LOAD_LIMIT,IMPUTED_MEDIAN,15.0,Imputed missing/zero numerical value using regional median.
2812,B00482LZ,LOAD_LIMIT,IMPUTED_MEDIAN,15.0,Imputed missing/zero numerical value using regional median.
2827,B00026SY,LOAD_LIMIT,IMPUTED_MEDIAN,15.0,Imputed missing/zero numerical value using regional median.
2833,B00094CN,LOAD_LIMIT,IMPUTED_MEDIAN,15.0,Imputed missing/zero numerical value using regional median.
2852,B00160MR,LOAD_LIMIT,IMPUTED_MEDIAN,15.0,Imputed missing/zero numerical value using regional median.
2858,B00028CR,LOAD_LIMIT,IMPUTED_MEDIAN,15.0,Imputed missing/zero numerical value using regional median.
2859,B00206MR,LOAD_LIMIT,IMPUTED_MEDIAN,15.0,Imputed missing/zero numerical value using regional median.
2869,B02384LZ,LOAD_LIMIT,IMPUTED_MEDIAN,15.0,Imputed missing/zero numerical value using regional median.
2871,B00374PW,LOAD_LIMIT,IMPUTED_MEDIAN,15.0,Imputed missing/zero numerical value using regional median.
2873,B00019LB,LOAD_LIMIT,IMPUTED_MEDIAN,15.0,Imputed missing/zero numerical value using regional median.
2882,B04479LZ,LOAD_LIMIT,IMPUTED_MEDIAN,15.0,Imputed missing/zero numerical value using regional median.
2887,B01766MN,LOAD_LIMIT,IMPUTED_MEDIAN,15.0,Imputed missing/zero numerical value using regional median.
2902,B01857LZ,LOAD_LIMIT,IMPUTED_MEDIAN,15.0,Imputed missing/zero numerical value using regional median.
2904,B01699MN,LOAD_LIMIT,IMPUTED_MEDIAN,15.0,Imputed missing/zero numerical value using regional median.
2905,B00337PW,LOAD_LIMIT,IMPUTED_MEDIAN,15.0,Imputed missing/zero numerical value using regional median.
2913,B00459LZ,LOAD_LIMIT,IMPUTED_MEDIAN,15.0,Imputed missing/zero numerical value using regional median.
2915,B02723LZ,LOAD_LIMIT,IMPUTED_MEDIAN,15.0,Imputed missing/zero numerical value using regional median.
2933,B00199MR,LOAD_LIMIT,IMPUTED_MEDIAN,15.0,Imputed missing/zero numerical value using regional median.
2940,B02974LZ,LOAD_LIMIT,IMPUTED_MEDIAN,15.0,Imputed missing/zero numerical value using regional median.
2944,B00227MR,LOAD_LIMIT,IMPUTED_MEDIAN,15.0,Imputed missing/zero numerical value using regional median.
2952,B00052TL,LOAD_LIMIT,IMPUTED_MEDIAN,15.0,Imputed missing/zero numerical value using regional median.
2956,B00383PW,LOAD_LIMIT,IMPUTED_MEDIAN,15.0,Imputed missing/zero numerical value using regional median.
2957,B02975LZ,LOAD_LIMIT,IMPUTED_MEDIAN,15.0,Imputed missing/zero numerical value using regional median.
2959,B00211MR,LOAD_LIMIT,IMPUTED_MEDIAN,15.0,Imputed missing/zero numerical value using regional median.
2965,B02943LZ,LOAD_LIMIT,IMPUTED_MEDIAN,15.0,Imputed missing/zero numerical value using regional median.
2966,B02954LZ,LOAD_LIMIT,IMPUTED_MEDIAN,15.0,Imputed missing/zero numerical value using regional median.
2978,B00022SY,LOAD_LIMIT,IMPUTED_MEDIAN,15.0,Imputed missing/zero numerical value using regional median.
2980,B04989LZ,LOAD_LIMIT,IMPUTED_MEDIAN,15.0,Imputed missing/zero numerical value using regional median.
2993,B00348PW,LOAD_LIMIT,IMPUTED_MEDIAN,15.0,Imputed missing/zero numerical value using regional median.
2995,B04635LZ,LOAD_LIMIT,IMPUTED_MEDIAN,15.0,Imputed missing/zero numerical value using regional median.
2996,B00382PW,LOAD_LIMIT,IMPUTED_MEDIAN,15.0,Imputed missing/zero numerical value using regional median.
2998,B00041SY,LOAD_LIMIT,IMPUTED_MEDIAN,15.0,Imputed missing/zero numerical value using regional median.
3006,B00210MR,LOAD_LIMIT,IMPUTED_MEDIAN,15.0,Imputed missing/zero numerical value using regional median.
3019,B00171MR,LOAD_LIMIT,IMPUTED_MEDIAN,15.0,Imputed missing/zero numerical value using regional median.
3022,B00031TL,LOAD_LIMIT,IMPUTED_MEDIAN,15.0,Imputed missing/zero numerical value using regional median.
3026,B01655LZ,LOAD_LIMIT,IMPUTED_MEDIAN,15.0,Imputed missing/zero numerical value using regional median.
3038,B00061TL,LOAD_LIMIT,IMPUTED_MEDIAN,15.0,Imputed missing/zero numerical value using regional median.
3043,B03258LZ,LOAD_LIMIT,IMPUTED_MEDIAN,15.0,Imputed missing/zero numerical value using regional median.
3045,B00121MR,LOAD_LIMIT,IMPUTED_MEDIAN,15.0,Imputed missing/zero numerical value using regional median.
3057,B00227PW,LOAD_LIMIT,IMPUTED_MEDIAN,15.0,Imputed missing/zero numerical value using regional median.
3066,B00014PW,LOAD_LIMIT,IMPUTED_MEDIAN,15.0,Imputed missing/zero numerical value using regional median.
3075,B01701MN,LOAD_LIMIT,IMPUTED_MEDIAN,15.0,Imputed missing/zero numerical value using regional median.
3076,B00017CR,LOAD_LIMIT,IMPUTED_MEDIAN,15.0,Imputed missing/zero numerical value using regional median.
3079,B00044CR,LOAD_LIMIT,IMPUTED_MEDIAN,15.0,Imputed missing/zero numerical value using regional median.
3088,B00018CR,LOAD_LIMIT,IMPUTED_MEDIAN,15.0,Imputed missing/zero numerical value using regional median.
3105,B00232PW,LOAD_LIMIT,IMPUTED_MEDIAN,15.0,Imputed missing/zero numerical value using regional median.
3114,B04971LZ,LOAD_LIMIT,IMPUTED_MEDIAN,15.0,Imputed missing/zero numerical value using regional median.
3127,B00376PW,LOAD_LIMIT,IMPUTED_MEDIAN,15.0,Imputed missing/zero numerical value using regional median.
3134,B00342PW,LOAD_LIMIT,IMPUTED_MEDIAN,15.0,Imputed missing/zero numerical value using regional median.
3135,B00023TL,LOAD_LIMIT,IMPUTED_MEDIAN,15.0,Imputed missing/zero numerical value using regional median.
3149,B00226MR,LOAD_LIMIT,IMPUTED_MEDIAN,15.0,Imputed missing/zero numerical value using regional median.
3150,B04816LZ,LOAD_LIMIT,IMPUTED_MEDIAN,15.0,Imputed missing/zero numerical value using regional median.
3156,B00043SY,LOAD_LIMIT,IMPUTED_MEDIAN,15.0,Imputed missing/zero numerical value using regional median.
3161,B02538LZ,LOAD_LIMIT,IMPUTED_MEDIAN,15.0,Imputed missing/zero numerical value using regional median.
3163,B00168MR,LOAD_LIMIT,IMPUTED_MEDIAN,15.0,Imputed missing/zero numerical value using regional median.
3176,B01919MN,LOAD_LIMIT,IMPUTED_MEDIAN,15.0,Imputed missing/zero numerical value using regional median.
3184,B00064CN,LOAD_LIMIT,IMPUTED_MEDIAN,15.0,Imputed missing/zero numerical value using regional median.
3206,B00371PW,LOAD_LIMIT,IMPUTED_MEDIAN,15.0,Imputed missing/zero numerical value using regional median.
3217,B01954MN,LOAD_LIMIT,IMPUTED_MEDIAN,15.0,Imputed missing/zero numerical value using regional median.
3221,B01848MN,LOAD_LIMIT,IMPUTED_MEDIAN,15.0,Imputed missing/zero numerical value using regional median.
3222,B00020CR,LOAD_LIMIT,IMPUTED_MEDIAN,15.0,Imputed missing/zero numerical value using regional median.
3225,B00067CN,LOAD_LIMIT,IMPUTED_MEDIAN,15.0,Imputed missing/zero numerical value using regional median.
3231,B01698MN,LOAD_LIMIT,IMPUTED_MEDIAN,15.0,Imputed missing/zero numerical value using regional median.
3253,B00049CR,LOAD_LIMIT,IMPUTED_MEDIAN,15.0,Imputed missing/zero numerical value using regional median.
3254,B00046SY,LOAD_LIMIT,IMPUTED_MEDIAN,15.0,Imputed missing/zero numerical value using regional median.
3255,B02949LZ,LOAD_LIMIT,IMPUTED_MEDIAN,15.0,Imputed missing/zero numerical value using regional median.
3261,B00037CR,LOAD_LIMIT,IMPUTED_MEDIAN,15.0,Imputed missing/zero numerical value using regional median.
3276,B00347PW,LOAD_LIMIT,IMPUTED_MEDIAN,15.0,Imputed missing/zero numerical value using regional median.
3295,B04902LZ,LOAD_LIMIT,IMPUTED_MEDIAN,15.0,Imputed missing/zero numerical value using regional median.
3296,B00020MQ,LOAD_LIMIT,IMPUTED_MEDIAN,15.0,Imputed missing/zero numerical value using regional median.
3297,B00322PW,LOAD_LIMIT,IMPUTED_MEDIAN,15.0,Imputed missing/zero numerical value using regional median.
3300,B01955MN,LOAD_LIMIT,IMPUTED_MEDIAN,15.0,Imputed missing/zero numerical value using regional median.
3305,B00201PW,LOAD_LIMIT,IMPUTED_MEDIAN,15.0,Imputed missing/zero numerical value using regional median.
3307,B03107LZ,LOAD_LIMIT,IMPUTED_MEDIAN,15.0,Imputed missing/zero numerical value using regional median.
3318,B00058TL,LOAD_LIMIT,IMPUTED_MEDIAN,15.0,Imputed missing/zero numerical value using regional median.
3320,B02385LZ,LOAD_LIMIT,IMPUTED_MEDIAN,15.0,Imputed missing/zero numerical value using regional median.
3327,B00372PW,LOAD_LIMIT,IMPUTED_MEDIAN,15.0,Imputed missing/zero numerical value using regional median.
3330,B02938LZ,LOAD_LIMIT,IMPUTED_MEDIAN,15.0,Imputed missing/zero numerical value using regional median.
3332,B01907MN,LOAD_LIMIT,IMPUTED_MEDIAN,15.0,Imputed missing/zero numerical value using regional median.
3333,B00046CR,LOAD_LIMIT,IMPUTED_MEDIAN,15.0,Imputed missing/zero numerical value using regional median.
3364,B00042CR,LOAD_LIMIT,IMPUTED_MEDIAN,15.0,Imputed missing/zero numerical value using regional median.
3376,B00015SY,LOAD_LIMIT,IMPUTED_MEDIAN,15.0,Imputed missing/zero numerical value using regional median.
3380,B01888LZ,LOAD_LIMIT,IMPUTED_MEDIAN,15.0,Imputed missing/zero numerical value using regional median.
3384,B00006LB,LOAD_LIMIT,IMPUTED_MEDIAN,15.0,Imputed missing/zero numerical value using regional median.
3387,B00003RB,LOAD_LIMIT,IMPUTED_MEDIAN,15.0,Imputed missing/zero numerical value using regional median.
3392,B00059CN,LOAD_LIMIT,IMPUTED_MEDIAN,15.0,Imputed missing/zero numerical value using regional median.
3407,B01775LZ,LOAD_LIMIT,IMPUTED_MEDIAN,15.0,Imputed missing/zero numerical value using regional median.
3419,B02582LZ,LOAD_LIMIT,IMPUTED_MEDIAN,15.0,Imputed missing/zero numerical value using regional median.
3421,B00031CR,LOAD_LIMIT,IMPUTED_MEDIAN,15.0,Imputed missing/zero numerical value using regional median.
3426,B00118MR,LOAD_LIMIT,IMPUTED_MEDIAN,15.0,Imputed missing/zero numerical value using regional median.
3441,B00012PW,LOAD_LIMIT,IMPUTED_MEDIAN,15.0,Imputed missing/zero numerical value using regional median.
3447,B02383LZ,LOAD_LIMIT,IMPUTED_MEDIAN,15.0,Imputed missing/zero numerical value using regional median.
3450,B01666LZ,LOAD_LIMIT,IMPUTED_MEDIAN,15.0,Imputed missing/zero numerical value using regional median.
3458,B01707MN,LOAD_LIMIT,IMPUTED_MEDIAN,15.0,Imputed missing/zero numerical value using regional median.
3460,B00039TL,LOAD_LIMIT,IMPUTED_MEDIAN,15.0,Imputed missing/zero numerical value using regional median.
3467,B00501LZ,LOAD_LIMIT,IMPUTED_MEDIAN,15.0,Imputed missing/zero numerical value using regional median.
3470,B00233MR,LOAD_LIMIT,IMPUTED_MEDIAN,15.0,Imputed missing/zero numerical value using regional median.
3478,B00341PW,LOAD_LIMIT,IMPUTED_MEDIAN,15.0,Imputed missing/zero numerical value using regional median.
3486,B02965LZ,LOAD_LIMIT,IMPUTED_MEDIAN,15.0,Imputed missing/zero numerical value using regional median.
3487,B00024CN,LOAD_LIMIT,IMPUTED_MEDIAN,15.0,Imputed missing/zero numerical value using regional median.
3488,B00194MR,LOAD_LIMIT,IMPUTED_MEDIAN,15.0,Imputed missing/zero numerical value using regional median.
3500,B00336PW,LOAD_LIMIT,IMPUTED_MEDIAN,15.0,Imputed missing/zero numerical value using regional median.
3502,B00477LZ,LOAD_LIMIT,IMPUTED_MEDIAN,15.0,Imputed missing/zero numerical value using regional median.
3505,B00004LB,LOAD_LIMIT,IMPUTED_MEDIAN,15.0,Imputed missing/zero numerical value using regional median.
3515,B04201LZ,LOAD_LIMIT,IMPUTED_MEDIAN,15.0,Imputed missing/zero numerical value using regional median.
3519,B00483LZ,LOAD_LIMIT,IMPUTED_MEDIAN,15.0,Imputed missing/zero numerical value using regional median.
3524,B00042SY,LOAD_LIMIT,IMPUTED_MEDIAN,15.0,Imputed missing/zero numerical value using regional median.
3529,B02953LZ,LOAD_LIMIT,IMPUTED_MEDIAN,15.0,Imputed missing/zero numerical value using regional median.
3533,B00224MR,LOAD_LIMIT,IMPUTED_MEDIAN,15.0,Imputed missing/zero numerical value using regional median.
3535,B00207MR,LOAD_LIMIT,IMPUTED_MEDIAN,15.0,Imputed missing/zero numerical value using regional median.
3544,B00047SY,LOAD_LIMIT,IMPUTED_MEDIAN,15.0,Imputed missing/zero numerical value using regional median.
3547,B00214MR,LOAD_LIMIT,IMPUTED_MEDIAN,15.0,Imputed missing/zero numerical value using regional median.
3549,B00016LB,LOAD_LIMIT,IMPUTED_MEDIAN,15.0,Imputed missing/zero numerical value using regional median.
3556,B01712MN,LOAD_LIMIT,IMPUTED_MEDIAN,15.0,Imputed missing/zero numerical value using regional median.
3558,B00367PW,LOAD_LIMIT,IMPUTED_MEDIAN,15.0,Imputed missing/zero numerical value using regional median.
3560,B00032CR,LOAD_LIMIT,IMPUTED_MEDIAN,15.0,Imputed missing/zero numerical value using regional median.
3562,B04903LZ,LOAD_LIMIT,IMPUTED_MEDIAN,15.0,Imputed missing/zero numerical value using regional median.
3565,B00192MR,LOAD_LIMIT,IMPUTED_MEDIAN,15.0,Imputed missing/zero numerical value using regional median.
3573,B00101CN,LOAD_LIMIT,IMPUTED_MEDIAN,15.0,Imputed missing/zero numerical value using regional median.
3584,B01895LZ,LOAD_LIMIT,IMPUTED_MEDIAN,15.0,Imputed missing/zero numerical value using regional median.
3605,B01700LZ,LOAD_LIMIT,IMPUTED_MEDIAN,15.0,Imputed missing/zero numerical value using regional median.
3606,B00082CN,LOAD_LIMIT,IMPUTED_MEDIAN,15.0,Imputed missing/zero numerical value using regional median.
3616,B00036CR,LOAD_LIMIT,IMPUTED_MEDIAN,15.0,Imputed missing/zero numerical value using regional median.
3621,B00346PW,LOAD_LIMIT,IMPUTED_MEDIAN,15.0,Imputed missing/zero numerical value using regional median.
3622,B00007SY,LOAD_LIMIT,IMPUTED_MEDIAN,15.0,Imputed missing/zero numerical value using regional median.
3624,B04900LZ,LOAD_LIMIT,IMPUTED_MEDIAN,15.0,Imputed missing/zero numerical value using regional median.
3627,B00191MR,LOAD_LIMIT,IMPUTED_MEDIAN,15.0,Imputed missing/zero numerical value using regional median.
3629,B00375PW,LOAD_LIMIT,IMPUTED_MEDIAN,15.0,Imputed missing/zero numerical value using regional median.
3636,B00390PW,LOAD_LIMIT,IMPUTED_MEDIAN,15.0,Imputed missing/zero numerical value using regional median.
3638,B00035CR,LOAD_LIMIT,IMPUTED_MEDIAN,15.0,Imputed missing/zero numerical value using regional median.
3639,B04507LZ,LOAD_LIMIT,IMPUTED_MEDIAN,15.0,Imputed missing/zero numerical value using regional median.
3641,B04899LZ,LOAD_LIMIT,IMPUTED_MEDIAN,15.0,Imputed missing/zero numerical value using regional median.
3644,B00001CA,LOAD_LIMIT,IMPUTED_MEDIAN,15.0,Imputed missing/zero numerical value using regional median.
3650,B00340PW,LOAD_LIMIT,IMPUTED_MEDIAN,15.0,Imputed missing/zero numerical value using regional median.
3651,B01657LZ,LOAD_LIMIT,IMPUTED_MEDIAN,15.0,Imputed missing/zero numerical value using regional median.
3666,B00424LZ,LOAD_LIMIT,IMPUTED_MEDIAN,15.0,Imputed missing/zero numerical value using regional median.
3678,B01709MN,LOAD_LIMIT,IMPUTED_MEDIAN,15.0,Imputed missing/zero numerical value using regional median.
3683,B00048SY,LOAD_LIMIT,IMPUTED_MEDIAN,15.0,Imputed missing/zero numerical value using regional median.
3685,B00091CN,LOAD_LIMIT,IMPUTED_MEDIAN,15.0,Imputed missing/zero numerical value using regional median.
3691,B00066MR,LOAD_LIMIT,IMPUTED_MEDIAN,15.0,Imputed missing/zero numerical value using regional median.
3694,B02967LZ,LOAD_LIMIT,IMPUTED_MEDIAN,15.0,Imputed missing/zero numerical value using regional median.
3696,B00066CN,LOAD_LIMIT,IMPUTED_MEDIAN,15.0,Imputed missing/zero numerical value using regional median.
3705,B04814LZ,LOAD_LIMIT,IMPUTED_MEDIAN,15.0,Imputed missing/zero numerical value using regional median.
3713,B00004RB,LOAD_LIMIT,IMPUTED_MEDIAN,15.0,Imputed missing/zero numerical value using regional median.
3715,B00063CN,LOAD_LIMIT,IMPUTED_MEDIAN,15.0,Imputed missing/zero numerical value using regional median.
3716,B00008LB,LOAD_LIMIT,IMPUTED_MEDIAN,15.0,Imputed missing/zero numerical value using regional median.
3723,B00121PW,LOAD_LIMIT,IMPUTED_MEDIAN,15.0,Imputed missing/zero numerical value using regional median.
3733,B02387LZ,LOAD_LIMIT,IMPUTED_MEDIAN,15.0,Imputed missing/zero numerical value using regional median.
3736,B00197MR,LOAD_LIMIT,IMPUTED_MEDIAN,15.0,Imputed missing/zero numerical value using regional median.
3739,B00019TL,LOAD_LIMIT,IMPUTED_MEDIAN,15.0,Imputed missing/zero numerical value using regional median.
3742,B01697LZ,LOAD_LIMIT,IMPUTED_MEDIAN,15.0,Imputed missing/zero numerical value using regional median.
3744,B00100CN,LOAD_LIMIT,IMPUTED_MEDIAN,15.0,Imputed missing/zero numerical value using regional median.
3751,B01703MN,LOAD_LIMIT,IMPUTED_MEDIAN,15.0,Imputed missing/zero numerical value using regional median.
3759,B02959LZ,LOAD_LIMIT,IMPUTED_MEDIAN,15.0,Imputed missing/zero numerical value using regional median.
3798,B00475LZ,LOAD_LIMIT,IMPUTED_MEDIAN,15.0,Imputed missing/zero numerical value using regional median.
3800,B00043CR,LOAD_LIMIT,IMPUTED_MEDIAN,15.0,Imputed missing/zero numerical value using regional median.
3801,B02968LZ,LOAD_LIMIT,IMPUTED_MEDIAN,15.0,Imputed missing/zero numerical value using regional median.
3805,B00212MR,LOAD_LIMIT,IMPUTED_MEDIAN,15.0,Imputed missing/zero numerical value using regional median.
3815,B04990LZ,LOAD_LIMIT,IMPUTED_MEDIAN,15.0,Imputed missing/zero numerical value using regional median.
3819,B01953MN,LOAD_LIMIT,IMPUTED_MEDIAN,15.0,Imputed missing/zero numerical value using regional median.
3821,B00060TL,LOAD_LIMIT,IMPUTED_MEDIAN,15.0,Imputed missing/zero numerical value using regional median.
3835,B01704MN,LOAD_LIMIT,IMPUTED_MEDIAN,15.0,Imputed missing/zero numerical value using regional median.
3842,B01779LZ,LOAD_LIMIT,IMPUTED_MEDIAN,15.0,Imputed missing/zero numerical value using regional median.
3849,B00389PW,LOAD_LIMIT,IMPUTED_MEDIAN,15.0,Imputed missing/zero numerical value using regional median.
3852,B01878MN,LOAD_LIMIT,IMPUTED_MEDIAN,15.0,Imputed missing/zero numerical value using regional median.
3858,B00017SY,LOAD_LIMIT,IMPUTED_MEDIAN,15.0,Imputed missing/zero numerical value using regional median.
3859,B00481LZ,LOAD_LIMIT,IMPUTED_MEDIAN,15.0,Imputed missing/zero numerical value using regional median.
3861,B00391PW,LOAD_LIMIT,IMPUTED_MEDIAN,15.0,Imputed missing/zero numerical value using regional median.
3866,B00050SY,LOAD_LIMIT,IMPUTED_MEDIAN,15.0,Imputed missing/zero numerical value using regional median.
3903,B02964LZ,LOAD_LIMIT,IMPUTED_MEDIAN,15.0,Imputed missing/zero numerical value using regional median.
3930,B00209MR,LOAD_LIMIT,IMPUTED_MEDIAN,15.0,Imputed missing/zero numerical value using regional median.
3938,B00332PW,LOAD_LIMIT,IMPUTED_MEDIAN,15.0,Imputed missing/zero numerical value using regional median.
3942,B00008PW,LOAD_LIMIT,IMPUTED_MEDIAN,15.0,Imputed missing/zero numerical value using regional median.
3950,B02966LZ,LOAD_LIMIT,IMPUTED_MEDIAN,15.0,Imputed missing/zero numerical value using regional median.
3960,B00049SY,LOAD_LIMIT,IMPUTED_MEDIAN,15.0,Imputed missing/zero numerical value using regional median.
3964,B00368PW,LOAD_LIMIT,IMPUTED_MEDIAN,15.0,Imputed missing/zero numerical value using regional median.
3967,B00093CN,LOAD_LIMIT,IMPUTED_MEDIAN,15.0,Imputed missing/zero numerical value using regional median.
3981,B00041CR,LOAD_LIMIT,IMPUTED_MEDIAN,15.0,Imputed missing/zero numerical value using regional median.
3984,B01580LZ,LOAD_LIMIT,IMPUTED_MEDIAN,15.0,Imputed missing/zero numerical value using regional median.
4001,B00045SY,LOAD_LIMIT,IMPUTED_MEDIAN,15.0,Imputed missing/zero numerical value using regional median.
4003,B00039MQ,LOAD_LIMIT,IMPUTED_MEDIAN,15.0,Imputed missing/zero numerical value using regional median.
4005,B00015LB,LOAD_LIMIT,IMPUTED_MEDIAN,15.0,Imputed missing/zero numerical value using regional median.
4008,B00001RB,LOAD_LIMIT,IMPUTED_MEDIAN,15.0,Imputed missing/zero numerical value using regional median.
4012,B02969LZ,LOAD_LIMIT,IMPUTED_MEDIAN,15.0,Imputed missing/zero numerical value using regional median.
4014,B00098CN,LOAD_LIMIT,IMPUTED_MEDIAN,15.0,Imputed missing/zero numerical value using regional median.
4027,B00200MR,LOAD_LIMIT,IMPUTED_MEDIAN,15.0,Imputed missing/zero numerical value using regional median.
4031,B01847MN,LOAD_LIMIT,IMPUTED_MEDIAN,15.0,Imputed missing/zero numerical value using regional median.
4033,B02963LZ,LOAD_LIMIT,IMPUTED_MEDIAN,15.0,Imputed missing/zero numerical value using regional median.
4045,B00059TL,LOAD_LIMIT,IMPUTED_MEDIAN,15.0,Imputed missing/zero numerical value using regional median.
4047,B00489LZ,LOAD_LIMIT,IMPUTED_MEDIAN,15.0,Imputed missing/zero numerical value using regional median.
4051,B00086CN,LOAD_LIMIT,IMPUTED_MEDIAN,15.0,Imputed missing/zero numerical value using regional median.
4052,B00085MR,LOAD_LIMIT,IMPUTED_MEDIAN,15.0,Imputed missing/zero numerical value using regional median.
4054,B00130MR,LOAD_LIMIT,IMPUTED_MEDIAN,15.0,Imputed missing/zero numerical value using regional median.
4068,B00052CN,LOAD_LIMIT,IMPUTED_MEDIAN,15.0,Imputed missing/zero numerical value using regional median.
4073,B00218PW,LOAD_LIMIT,IMPUTED_MEDIAN,15.0,Imputed missing/zero numerical value using regional median.
4080,B00364PW,LOAD_LIMIT,IMPUTED_MEDIAN,15.0,Imputed missing/zero numerical value using regional median.
4081,B04200LZ,LOAD_LIMIT,IMPUTED_MEDIAN,15.0,Imputed missing/zero numerical value using regional median.
4085,B00469LZ,LOAD_LIMIT,IMPUTED_MEDIAN,15.0,Imputed missing/zero numerical value using regional median.
4092,B02381LZ,LOAD_LIMIT,IMPUTED_MEDIAN,15.0,Imputed missing/zero numerical value using regional median.
4097,B00223MR,LOAD_LIMIT,IMPUTED_MEDIAN,15.0,Imputed missing/zero numerical value using regional median.
4105,B00018TL,LOAD_LIMIT,IMPUTED_MEDIAN,15.0,Imputed missing/zero numerical value using regional median.
4110,B02958LZ,LOAD_LIMIT,IMPUTED_MEDIAN,15.0,Imputed missing/zero numerical value using regional median.
4112,B00107MR,LOAD_LIMIT,IMPUTED_MEDIAN,15.0,Imputed missing/zero numerical value using regional median.
4114,B00167MR,LOAD_LIMIT,IMPUTED_MEDIAN,15.0,Imputed missing/zero numerical value using regional median.
4116,B00067MR,LOAD_LIMIT,IMPUTED_MEDIAN,15.0,Imputed missing/zero numerical value using regional median.
4124,B00024CR,LOAD_LIMIT,IMPUTED_MEDIAN,15.0,Imputed missing/zero numerical value using regional median.
4130,B04761LZ,LOAD_LIMIT,IMPUTED_MEDIAN,15.0,Imputed missing/zero numerical value using regional median.
4132,B00393PW,LOAD_LIMIT,IMPUTED_MEDIAN,15.0,Imputed missing/zero numerical value using regional median.
4133,B04769LZ,LOAD_LIMIT,IMPUTED_MEDIAN,15.0,Imputed missing/zero numerical value using regional median.
4144,B00039CR,LOAD_LIMIT,IMPUTED_MEDIAN,15.0,Imputed missing/zero numerical value using regional median.
4149,B02962LZ,LOAD_LIMIT,IMPUTED_MEDIAN,15.0,Imputed missing/zero numerical value using regional median.
4150,B00044CN,LOAD_LIMIT,IMPUTED_MEDIAN,15.0,Imputed missing/zero numerical value using regional median.
4151,B00325PW,LOAD_LIMIT,IMPUTED_MEDIAN,15.0,Imputed missing/zero numerical value using regional median.
4160,B00009PW,LOAD_LIMIT,IMPUTED_MEDIAN,15.0,Imputed missing/zero numerical value using regional median.
4175,B00234PW,LOAD_LIMIT,IMPUTED_MEDIAN,15.0,Imputed missing/zero numerical value using regional median.
4177,B01696LZ,LOAD_LIMIT,IMPUTED_MEDIAN,15.0,Imputed missing/zero numerical value using regional median.
4178,B00099CN,LOAD_LIMIT,IMPUTED_MEDIAN,15.0,Imputed missing/zero numerical value using regional median.
4188,B00020SY,LOAD_LIMIT,IMPUTED_MEDIAN,15.0,Imputed missing/zero numerical value using regional median.
4190,B01000LZ,LOAD_LIMIT,IMPUTED_MEDIAN,15.0,Imputed missing/zero numerical value using regional median.
4192,B01693LZ,LOAD_LIMIT,IMPUTED_MEDIAN,15.0,Imputed missing/zero numerical value using regional median.
4201,B04271LZ,LOAD_LIMIT,IMPUTED_MEDIAN,15.0,Imputed missing/zero numerical value using regional median.
4203,B00038CR,LOAD_LIMIT,IMPUTED_MEDIAN,15.0,Imputed missing/zero numerical value using regional median.
4209,B00478LZ,LOAD_LIMIT,IMPUTED_MEDIAN,15.0,Imputed missing/zero numerical value using regional median.
4221,B00222MR,LOAD_LIMIT,IMPUTED_MEDIAN,15.0,Imputed missing/zero numerical value using regional median.
4228,B04901LZ,LOAD_LIMIT,IMPUTED_MEDIAN,15.0,Imputed missing/zero numerical value using regional median.
4234,B00070MR,LOAD_LIMIT,IMPUTED_MEDIAN,15.0,Imputed missing/zero numerical value using regional median.
4235,B00118PW,LOAD_LIMIT,IMPUTED_MEDIAN,15.0,Imputed missing/zero numerical value using regional median.
4237,B01849MN,LOAD_LIMIT,IMPUTED_MEDIAN,15.0,Imputed missing/zero numerical value using regional median.
4253,B01589LZ,LOAD_LIMIT,IMPUTED_MEDIAN,15.0,Imputed missing/zero numerical value using regional median.
4256,B00215MR,LOAD_LIMIT,IMPUTED_MEDIAN,15.0,Imputed missing/zero numerical value using regional median.
4275,B00124PW,LOAD_LIMIT,IMPUTED_MEDIAN,15.0,Imputed missing/zero numerical value using regional median.
4284,B00040CR,LOAD_LIMIT,IMPUTED_MEDIAN,15.0,Imputed missing/zero numerical value using regional median.
4291,B01920MN,LOAD_LIMIT,IMPUTED_MEDIAN,15.0,Imputed missing/zero numerical value using regional median.
4296,B00231PW,LOAD_LIMIT,IMPUTED_MEDIAN,15.0,Imputed missing/zero numerical value using regional median.
4297,B01856LZ,LOAD_LIMIT,IMPUTED_MEDIAN,15.0,Imputed missing/zero numerical value using regional median.
4305,B01802MN,LOAD_LIMIT,IMPUTED_MEDIAN,15.0,Imputed missing/zero numerical value using regional median.
4313,B01774LZ,LOAD_LIMIT,IMPUTED_MEDIAN,15.0,Imputed missing/zero numerical value using regional median.
4325,B00057TL,LOAD_LIMIT,IMPUTED_MEDIAN,15.0,Imputed missing/zero numerical value using regional median.
4328,B00222PW,LOAD_LIMIT,IMPUTED_MEDIAN,15.0,Imputed missing/zero numerical value using regional median.
4329,B00345PW,LOAD_LIMIT,IMPUTED_MEDIAN,15.0,Imputed missing/zero numerical value using regional median.
4331,B00015TL,LOAD_LIMIT,IMPUTED_MEDIAN,15.0,Imputed missing/zero numerical value using regional median.
4338,B00213MR,LOAD_LIMIT,IMPUTED_MEDIAN,15.0,Imputed missing/zero numerical value using regional median.
4348,B04818LZ,LOAD_LIMIT,IMPUTED_MEDIAN,15.0,Imputed missing/zero numerical value using regional median.
4349,B04169LZ,LOAD_LIMIT,IMPUTED_MEDIAN,15.0,Imputed missing/zero numerical value using regional median.
4351,B00344PW,LOAD_LIMIT,IMPUTED_MEDIAN,15.0,Imputed missing/zero numerical value using regional median.
4352,B00044SY,LOAD_LIMIT,IMPUTED_MEDIAN,15.0,Imputed missing/zero numerical value using regional median.
4353,B02957LZ,LOAD_LIMIT,IMPUTED_MEDIAN,15.0,Imputed missing/zero numerical value using regional median.
4355,B00219MR,LOAD_LIMIT,IMPUTED_MEDIAN,15.0,Imputed missing/zero numerical value using regional median.
4357,B00138MR,LOAD_LIMIT,IMPUTED_MEDIAN,15.0,Imputed missing/zero numerical value using regional median.
4368,B00048CR,LOAD_LIMIT,IMPUTED_MEDIAN,15.0,Imputed missing/zero numerical value using regional median.
4370,B00048TL,LOAD_LIMIT,IMPUTED_MEDIAN,15.0,Imputed missing/zero numerical value using regional median.
4380,B00338PW,LOAD_LIMIT,IMPUTED_MEDIAN,15.0,Imputed missing/zero numerical value using regional median.
4383,B00047CN,LOAD_LIMIT,IMPUTED_MEDIAN,15.0,Imputed missing/zero numerical value using regional median.
4396,B00292PW,LOAD_LIMIT,IMPUTED_MEDIAN,15.0,Imputed missing/zero numerical value using regional median.
4398,B00088CN,LOAD_LIMIT,IMPUTED_MEDIAN,15.0,Imputed missing/zero numerical value using regional median.
4407,B00334PW,LOAD_LIMIT,IMPUTED_MEDIAN,15.0,Imputed missing/zero numerical value using regional median.
4409,B04199LZ,LOAD_LIMIT,IMPUTED_MEDIAN,15.0,Imputed missing/zero numerical value using regional median.
4410,B00394PW,LOAD_LIMIT,IMPUTED_MEDIAN,15.0,Imputed missing/zero numerical value using regional median.
4412,B00002RB,LOAD_LIMIT,IMPUTED_MEDIAN,15.0,Imputed missing/zero numerical value using regional median.
4413,B02533LZ,LOAD_LIMIT,IMPUTED_MEDIAN,15.0,Imputed missing/zero numerical value using regional median.
4423,B04268LZ,LOAD_LIMIT,IMPUTED_MEDIAN,15.0,Imputed missing/zero numerical value using regional median.
4425,B00230PW,LOAD_LIMIT,IMPUTED_MEDIAN,15.0,Imputed missing/zero numerical value using regional median.
4429,B00221MR,LOAD_LIMIT,IMPUTED_MEDIAN,15.0,Imputed missing/zero numerical value using regional median.
4437,B00014TL,LOAD_LIMIT,IMPUTED_MEDIAN,15.0,Imputed missing/zero numerical value using regional median.
4440,B02532LZ,LOAD_LIMIT,IMPUTED_MEDIAN,15.0,Imputed missing/zero numerical value using regional median.
4441,B04898LZ,LOAD_LIMIT,IMPUTED_MEDIAN,15.0,Imputed missing/zero numerical value using regional median.
4442,B00125MR,LOAD_LIMIT,IMPUTED_MEDIAN,15.0,Imputed missing/zero numerical value using regional median.
4450,B04508LZ,LOAD_LIMIT,IMPUTED_MEDIAN,15.0,Imputed missing/zero numerical value using regional median.
4455,B00220MR,LOAD_LIMIT,IMPUTED_MEDIAN,15.0,Imputed missing/zero numerical value using regional median.
4466,B00235PW,LOAD_LIMIT,IMPUTED_MEDIAN,15.0,Imputed missing/zero numerical value using regional median.
4472,B01859MN,LOAD_LIMIT,IMPUTED_MEDIAN,15.0,Imputed missing/zero numerical value using regional median.
4476,B01879MN,LOAD_LIMIT,IMPUTED_MEDIAN,15.0,Imputed missing/zero numerical value using regional median.
4487,B00106MR,LOAD_LIMIT,IMPUTED_MEDIAN,15.0,Imputed missing/zero numerical value using regional median.
4502,B00198MR,LOAD_LIMIT,IMPUTED_MEDIAN,15.0,Imputed missing/zero numerical value using regional median.
4505,B00343PW,LOAD_LIMIT,IMPUTED_MEDIAN,15.0,Imputed missing/zero numerical value using regional median.
4514,B04815LZ,LOAD_LIMIT,IMPUTED_MEDIAN,15.0,Imputed missing/zero numerical value using regional median.
4523,B02389LZ,LOAD_LIMIT,IMPUTED_MEDIAN,15.0,Imputed missing/zero numerical value using regional median.
4526,B02537LZ,LOAD_LIMIT,IMPUTED_MEDIAN,15.0,Imputed missing/zero numerical value using regional median.
4527,B02536LZ,LOAD_LIMIT,IMPUTED_MEDIAN,15.0,Imputed missing/zero numerical value using regional median.
4532,B00208MR,LOAD_LIMIT,IMPUTED_MEDIAN,15.0,Imputed missing/zero numerical value using regional median.
4535,B01702MN,LOAD_LIMIT,IMPUTED_MEDIAN,15.0,Imputed missing/zero numerical value using regional median.
4537,B00006SY,LOAD_LIMIT,IMPUTED_MEDIAN,15.0,Imputed missing/zero numerical value using regional median.
4549,B00274PN,LOAD_LIMIT,IMPUTED_MEDIAN,20.0,Imputed missing/zero numerical value using regional median.
4557,B00365PN,LOAD_LIMIT,IMPUTED_MEDIAN,20.0,Imputed missing/zero numerical value using regional median.
4558,B00106BH,LOAD_LIMIT,IMPUTED_MEDIAN,20.0,Imputed missing/zero numerical value using regional median.
4562,B00118PN,LOAD_LIMIT,IMPUTED_MEDIAN,20.0,Imputed missing/zero numerical value using regional median.
4567,B00096PN,LOAD_LIMIT,IMPUTED_MEDIAN,20.0,Imputed missing/zero numerical value using regional median.
4570,B00658CB,LOAD_LIMIT,IMPUTED_MEDIAN,20.0,Imputed missing/zero numerical value using regional median.
4572,B00366PN,LOAD_LIMIT,IMPUTED_MEDIAN,20.0,Imputed missing/zero numerical value using regional median.
4575,B00034PN,LOAD_LIMIT,IMPUTED_MEDIAN,20.0,Imputed missing/zero numerical value using regional median.
4582,B00312PN,LOAD_LIMIT,IMPUTED_MEDIAN,20.0,Imputed missing/zero numerical value using regional median.
4586,B00343PN,LOAD_LIMIT,IMPUTED_MEDIAN,20.0,Imputed missing/zero numerical value using regional median.
4587,B00116BH,LOAD_LIMIT,IMPUTED_MEDIAN,20.0,Imputed missing/zero numerical value using regional median.
4591,B00538PN,LOAD_LIMIT,IMPUTED_MEDIAN,20.0,Imputed missing/zero numerical value using regional median.
4593,B00526NR,LOAD_LIMIT,IMPUTED_MEDIAN,20.0,Imputed missing/zero numerical value using regional median.
4607,B00097PN,LOAD_LIMIT,IMPUTED_MEDIAN,20.0,Imputed missing/zero numerical value using regional median.
4608,B00070BH,LOAD_LIMIT,IMPUTED_MEDIAN,20.0,Imputed missing/zero numerical value using regional median.
4610,B00671CB,LOAD_LIMIT,IMPUTED_MEDIAN,20.0,Imputed missing/zero numerical value using regional median.
4618,B00281PN,LOAD_LIMIT,IMPUTED_MEDIAN,20.0,Imputed missing/zero numerical value using regional median.
4620,B00667CB,LOAD_LIMIT,IMPUTED_MEDIAN,20.0,Imputed missing/zero numerical value using regional median.
4625,B00460PN,LOAD_LIMIT,IMPUTED_MEDIAN,20.0,Imputed missing/zero numerical value using regional median.
4629,B00530PN,LOAD_LIMIT,IMPUTED_MEDIAN,20.0,Imputed missing/zero numerical value using regional median.
4636,B00041MT,LOAD_LIMIT,IMPUTED_MEDIAN,15.0,Imputed missing/zero numerical value using regional median.
4638,B00491PN,LOAD_LIMIT,IMPUTED_MEDIAN,20.0,Imputed missing/zero numerical value using regional median.
4639,B00537PN,LOAD_LIMIT,IMPUTED_MEDIAN,20.0,Imputed missing/zero numerical value using regional median.
4650,B00477PN,LOAD_LIMIT,IMPUTED_MEDIAN,20.0,Imputed missing/zero numerical value using regional median.
4651,B00075PN,LOAD_LIMIT,IMPUTED_MEDIAN,20.0,Imputed missing/zero numerical value using regional median.
4656,B00094PN,LOAD_LIMIT,IMPUTED_MEDIAN,20.0,Imputed missing/zero numerical value using regional median.
4659,B00670CB,LOAD_LIMIT,IMPUTED_MEDIAN,20.0,Imputed missing/zero numerical value using regional median.
4661,B00317PN,LOAD_LIMIT,IMPUTED_MEDIAN,20.0,Imputed missing/zero numerical value using regional median.
4672,B00435PN,LOAD_LIMIT,IMPUTED_MEDIAN,20.0,Imputed missing/zero numerical value using regional median.
4676,B00431PN,LOAD_LIMIT,IMPUTED_MEDIAN,20.0,Imputed missing/zero numerical value using regional median.
4678,B00082MT,LOAD_LIMIT,IMPUTED_MEDIAN,15.0,Imputed missing/zero numerical value using regional median.
4680,B00493PN,LOAD_LIMIT,IMPUTED_MEDIAN,20.0,Imputed missing/zero numerical value using regional median.
4681,B00522PN,LOAD_LIMIT,IMPUTED_MEDIAN,20.0,Imputed missing/zero numerical value using regional median.
4682,B00508PN,LOAD_LIMIT,IMPUTED_MEDIAN,20.0,Imputed missing/zero numerical value using regional median.
4685,B00263PN,LOAD_LIMIT,IMPUTED_MEDIAN,20.0,Imputed missing/zero numerical value using regional median.
4686,B00161NR,LOAD_LIMIT,IMPUTED_MEDIAN,20.0,Imputed missing/zero numerical value using regional median.
4689,B00370PN,LOAD_LIMIT,IMPUTED_MEDIAN,20.0,Imputed missing/zero numerical value using regional median.
4697,B00234PN,LOAD_LIMIT,IMPUTED_MEDIAN,20.0,Imputed missing/zero numerical value using regional median.
4698,B00117PN,LOAD_LIMIT,IMPUTED_MEDIAN,20.0,Imputed missing/zero numerical value using regional median.
4702,B00222BH,LOAD_LIMIT,IMPUTED_MEDIAN,20.0,Imputed missing/zero numerical value using regional median.
4705,B00100MT,LOAD_LIMIT,IMPUTED_MEDIAN,15.0,Imputed missing/zero numerical value using regional median.
4708,B00554PN,LOAD_LIMIT,IMPUTED_MEDIAN,20.0,Imputed missing/zero numerical value using regional median.
4714,B00302PN,LOAD_LIMIT,IMPUTED_MEDIAN,20.0,Imputed missing/zero numerical value using regional median.
4718,B00415PN,LOAD_LIMIT,IMPUTED_MEDIAN,20.0,Imputed missing/zero numerical value using regional median.
4725,B00555PN,LOAD_LIMIT,IMPUTED_MEDIAN,20.0,Imputed missing/zero numerical value using regional median.
4728,B00308PN,LOAD_LIMIT,IMPUTED_MEDIAN,20.0,Imputed missing/zero numerical value using regional median.
4732,B00359PN,LOAD_LIMIT,IMPUTED_MEDIAN,20.0,Imputed missing/zero numerical value using regional median.
4737,B00472PN,LOAD_LIMIT,IMPUTED_MEDIAN,20.0,Imputed missing/zero numerical value using regional median.
4742,B00093PN,LOAD_LIMIT,IMPUTED_MEDIAN,20.0,Imputed missing/zero numerical value using regional median.
4743,B00037BH,LOAD_LIMIT,IMPUTED_MEDIAN,20.0,Imputed missing/zero numerical value using regional median.
4752,B00076PN,LOAD_LIMIT,IMPUTED_MEDIAN,20.0,Imputed missing/zero numerical value using regional median.
4776,B00633CB,LOAD_LIMIT,IMPUTED_MEDIAN,20.0,Imputed missing/zero numerical value using regional median.
4777,B00519PN,LOAD_LIMIT,IMPUTED_MEDIAN,20.0,Imputed missing/zero numerical value using regional median.
4781,B00158NR,LOAD_LIMIT,IMPUTED_MEDIAN,20.0,Imputed missing/zero numerical value using regional median.
4782,B00527PN,LOAD_LIMIT,IMPUTED_MEDIAN,20.0,Imputed missing/zero numerical value using regional median.
4784,B00547PN,LOAD_LIMIT,IMPUTED_MEDIAN,20.0,Imputed missing/zero numerical value using regional median.
4793,B00524PN,LOAD_LIMIT,IMPUTED_MEDIAN,20.0,Imputed missing/zero numerical value using regional median.
4797,B00248BH,LOAD_LIMIT,IMPUTED_MEDIAN,20.0,Imputed missing/zero numerical value using regional median.
4798,B00090PN,LOAD_LIMIT,IMPUTED_MEDIAN,20.0,Imputed missing/zero numerical value using regional median.
4800,B00548PN,LOAD_LIMIT,IMPUTED_MEDIAN,20.0,Imputed missing/zero numerical value using regional median.
4806,B00236PN,LOAD_LIMIT,IMPUTED_MEDIAN,20.0,Imputed missing/zero numerical value using regional median.
4808,B00528PN,LOAD_LIMIT,IMPUTED_MEDIAN,20.0,Imputed missing/zero numerical value using regional median.
4810,B00322PN,LOAD_LIMIT,IMPUTED_MEDIAN,20.0,Imputed missing/zero numerical value using regional median.
4818,B00558PN,LOAD_LIMIT,IMPUTED_MEDIAN,20.0,Imputed missing/zero numerical value using regional median.
4827,B00540PN,LOAD_LIMIT,IMPUTED_MEDIAN,20.0,Imputed missing/zero numerical value using regional median.
4833,B00525PN,LOAD_LIMIT,IMPUTED_MEDIAN,20.0,Imputed missing/zero numerical value using regional median.
4836,B00545NR,LOAD_LIMIT,IMPUTED_MEDIAN,20.0,Imputed missing/zero numerical value using regional median.
4839,B00360PN,LOAD_LIMIT,IMPUTED_MEDIAN,20.0,Imputed missing/zero numerical value using regional median.
4845,B00273PN,LOAD_LIMIT,IMPUTED_MEDIAN,20.0,Imputed missing/zero numerical value using regional median.
4849,B00296PN,LOAD_LIMIT,IMPUTED_MEDIAN,20.0,Imputed missing/zero numerical value using regional median.
4850,B00230BH,LOAD_LIMIT,IMPUTED_MEDIAN,20.0,Imputed missing/zero numerical value using regional median.
4854,B00323PN,LOAD_LIMIT,IMPUTED_MEDIAN,20.0,Imputed missing/zero numerical value using regional median.
4868,B00334PN,LOAD_LIMIT,IMPUTED_MEDIAN,20.0,Imputed missing/zero numerical value using regional median.
4871,B00308NR,LOAD_LIMIT,IMPUTED_MEDIAN,20.0,Imputed missing/zero numerical value using regional median.
4873,B00557PN,LOAD_LIMIT,IMPUTED_MEDIAN,20.0,Imputed missing/zero numerical value using regional median.
4884,B00175NR,LOAD_LIMIT,IMPUTED_MEDIAN,20.0,Imputed missing/zero numerical value using regional median.
4890,B00035PN,LOAD_LIMIT,IMPUTED_MEDIAN,20.0,Imputed missing/zero numerical value using regional median.
4897,B00540NR,LOAD_LIMIT,IMPUTED_MEDIAN,20.0,Imputed missing/zero numerical value using regional median.
4900,B00238PN,LOAD_LIMIT,IMPUTED_MEDIAN,20.0,Imputed missing/zero numerical value using regional median.
4901,B00304PN,LOAD_LIMIT,IMPUTED_MEDIAN,20.0,Imputed missing/zero numerical value using regional median.
4903,B00546PN,LOAD_LIMIT,IMPUTED_MEDIAN,20.0,Imputed missing/zero numerical value using regional median.
4904,B00668CB,LOAD_LIMIT,IMPUTED_MEDIAN,20.0,Imputed missing/zero numerical value using regional median.
4906,B00445PN,LOAD_LIMIT,IMPUTED_MEDIAN,20.0,Imputed missing/zero numerical value using regional median.
4915,B00376PN,LOAD_LIMIT,IMPUTED_MEDIAN,20.0,Imputed missing/zero numerical value using regional median.
4920,B00074BH,LOAD_LIMIT,IMPUTED_MEDIAN,20.0,Imputed missing/zero numerical value using regional median.
4924,B00559PN,LOAD_LIMIT,IMPUTED_MEDIAN,20.0,Imputed missing/zero numerical value using regional median.
4940,B00303PN,LOAD_LIMIT,IMPUTED_MEDIAN,20.0,Imputed missing/zero numerical value using regional median.
4942,B00545PN,LOAD_LIMIT,IMPUTED_MEDIAN,20.0,Imputed missing/zero numerical value using regional median.
4959,B00293PN,LOAD_LIMIT,IMPUTED_MEDIAN,20.0,Imputed missing/zero numerical value using regional median.
4964,B00420PN,LOAD_LIMIT,IMPUTED_MEDIAN,20.0,Imputed missing/zero numerical value using regional median.
4974,B00413PN,LOAD_LIMIT,IMPUTED_MEDIAN,20.0,Imputed missing/zero numerical value using regional median.
4978,B00345PN,LOAD_LIMIT,IMPUTED_MEDIAN,20.0,Imputed missing/zero numerical value using regional median.
4984,B00154PN,LOAD_LIMIT,IMPUTED_MEDIAN,20.0,Imputed missing/zero numerical value using regional median.
4988,B00352PN,LOAD_LIMIT,IMPUTED_MEDIAN,20.0,Imputed missing/zero numerical value using regional median.
4995,B00369PN,LOAD_LIMIT,IMPUTED_MEDIAN,20.0,Imputed missing/zero numerical value using regional median.
5002,B00539PN,LOAD_LIMIT,IMPUTED_MEDIAN,20.0,Imputed missing/zero numerical value using regional median.
5005,B00357PN,LOAD_LIMIT,IMPUTED_MEDIAN,20.0,Imputed missing/zero numerical value using regional median.
5006,B00092MT,LOAD_LIMIT,IMPUTED_MEDIAN,15.0,Imputed missing/zero numerical value using regional median.
5009,B00492NR,LOAD_LIMIT,IMPUTED_MEDIAN,20.0,Imputed missing/zero numerical value using regional median.
5015,B00318PN,LOAD_LIMIT,IMPUTED_MEDIAN,20.0,Imputed missing/zero numerical value using regional median.
5020,B00563PN,LOAD_LIMIT,IMPUTED_MEDIAN,20.0,Imputed missing/zero numerical value using regional median.
5022,B00538NR,LOAD_LIMIT,IMPUTED_MEDIAN,20.0,Imputed missing/zero numerical value using regional median.
5024,B00224BH,LOAD_LIMIT,IMPUTED_MEDIAN,20.0,Imputed missing/zero numerical value using regional median.
5041,B00286PN,LOAD_LIMIT,IMPUTED_MEDIAN,20.0,Imputed missing/zero numerical value using regional median.
5052,B00271PN,LOAD_LIMIT,IMPUTED_MEDIAN,20.0,Imputed missing/zero numerical value using regional median.
5057,B00032PN,LOAD_LIMIT,IMPUTED_MEDIAN,20.0,Imputed missing/zero numerical value using regional median.
5061,B00443PN,LOAD_LIMIT,IMPUTED_MEDIAN,20.0,Imputed missing/zero numerical value using regional median.
5072,B00339PN,LOAD_LIMIT,IMPUTED_MEDIAN,20.0,Imputed missing/zero numerical value using regional median.
5078,B00267PN,LOAD_LIMIT,IMPUTED_MEDIAN,20.0,Imputed missing/zero numerical value using regional median.
5087,B00329PN,LOAD_LIMIT,IMPUTED_MEDIAN,20.0,Imputed missing/zero numerical value using regional median.
5090,B00521PN,LOAD_LIMIT,IMPUTED_MEDIAN,20.0,Imputed missing/zero numerical value using regional median.
5095,B00529PN,LOAD_LIMIT,IMPUTED_MEDIAN,20.0,Imputed missing/zero numerical value using regional median.
5099,B00089PN,LOAD_LIMIT,IMPUTED_MEDIAN,20.0,Imputed missing/zero numerical value using regional median.
5108,B00441PN,LOAD_LIMIT,IMPUTED_MEDIAN,20.0,Imputed missing/zero numerical value using regional median.
5117,B00536PN,LOAD_LIMIT,IMPUTED_MEDIAN,20.0,Imputed missing/zero numerical value using regional median.
5123,B00348PN,LOAD_LIMIT,IMPUTED_MEDIAN,20.0,Imputed missing/zero numerical value using regional median.
5127,B00494PN,LOAD_LIMIT,IMPUTED_MEDIAN,20.0,Imputed missing/zero numerical value using regional median.
5134,B00228BH,LOAD_LIMIT,IMPUTED_MEDIAN,20.0,Imputed missing/zero numerical value using regional median.
5136,B00669CB,LOAD_LIMIT,IMPUTED_MEDIAN,20.0,Imputed missing/zero numerical value using regional median.
5137,B00544NR,LOAD_LIMIT,IMPUTED_MEDIAN,20.0,Imputed missing/zero numerical value using regional median.
5138,B00362PN,LOAD_LIMIT,IMPUTED_MEDIAN,20.0,Imputed missing/zero numerical value using regional median.
5140,B00525NR,LOAD_LIMIT,IMPUTED_MEDIAN,20.0,Imputed missing/zero numerical value using regional median.
5145,B00499PN,LOAD_LIMIT,IMPUTED_MEDIAN,20.0,Imputed missing/zero numerical value using regional median.
5146,B00494NR,LOAD_LIMIT,IMPUTED_MEDIAN,20.0,Imputed missing/zero numerical value using regional median.
5147,B00506PN,LOAD_LIMIT,IMPUTED_MEDIAN,20.0,Imputed missing/zero numerical value using regional median.
5149,B00416PN,LOAD_LIMIT,IMPUTED_MEDIAN,20.0,Imputed missing/zero numerical value using regional median.
5153,B00439PN,LOAD_LIMIT,IMPUTED_MEDIAN,20.0,Imputed missing/zero numerical value using regional median.
5158,B00466PN,LOAD_LIMIT,IMPUTED_MEDIAN,20.0,Imputed missing/zero numerical value using regional median.
5177,B04702LZ,LOAD_LIMIT,IMPUTED_MEDIAN,15.0,Imputed missing/zero numerical value using regional median.
5179,B00358PN,LOAD_LIMIT,IMPUTED_MEDIAN,20.0,Imputed missing/zero numerical value using regional median.
5181,B00101MT,LOAD_LIMIT,IMPUTED_MEDIAN,15.0,Imputed missing/zero numerical value using regional median.
5186,B00491NR,LOAD_LIMIT,IMPUTED_MEDIAN,20.0,Imputed missing/zero numerical value using regional median.
5190,B00301PN,LOAD_LIMIT,IMPUTED_MEDIAN,20.0,Imputed missing/zero numerical value using regional median.
5192,B00544PN,LOAD_LIMIT,IMPUTED_MEDIAN,20.0,Imputed missing/zero numerical value using regional median.
5195,B00344PN,LOAD_LIMIT,IMPUTED_MEDIAN,20.0,Imputed missing/zero numerical value using regional median.
5196,B00223PN,LOAD_LIMIT,IMPUTED_MEDIAN,20.0,Imputed missing/zero numerical value using regional median.
5198,B00027PN,LOAD_LIMIT,IMPUTED_MEDIAN,20.0,Imputed missing/zero numerical value using regional median.
5201,B00259PN,LOAD_LIMIT,IMPUTED_MEDIAN,20.0,Imputed missing/zero numerical value using regional median.
5203,B00155PN,LOAD_LIMIT,IMPUTED_MEDIAN,20.0,Imputed missing/zero numerical value using regional median.
5219,B00095PN,LOAD_LIMIT,IMPUTED_MEDIAN,20.0,Imputed missing/zero numerical value using regional median.
5224,B00373PN,LOAD_LIMIT,IMPUTED_MEDIAN,20.0,Imputed missing/zero numerical value using regional median.
5226,B00176NR,LOAD_LIMIT,IMPUTED_MEDIAN,20.0,Imputed missing/zero numerical value using regional median.
5248,B00074PN,LOAD_LIMIT,IMPUTED_MEDIAN,20.0,Imputed missing/zero numerical value using regional median.
5249,B00092PN,LOAD_LIMIT,IMPUTED_MEDIAN,20.0,Imputed missing/zero numerical value using regional median.
5255,B04705LZ,LOAD_LIMIT,IMPUTED_MEDIAN,15.0,Imputed missing/zero numerical value using regional median.
5257,B00315PN,LOAD_LIMIT,IMPUTED_MEDIAN,20.0,Imputed missing/zero numerical value using regional median.
5260,B00490PN,LOAD_LIMIT,IMPUTED_MEDIAN,20.0,Imputed missing/zero numerical value using regional median.
5261,B00155NR,LOAD_LIMIT,IMPUTED_MEDIAN,20.0,Imputed missing/zero numerical value using regional median.
5267,B00355PN,LOAD_LIMIT,IMPUTED_MEDIAN,20.0,Imputed missing/zero numerical value using regional median.
5271,B00114PN,LOAD_LIMIT,IMPUTED_MEDIAN,20.0,Imputed missing/zero numerical value using regional median.
5281,B00332PN,LOAD_LIMIT,IMPUTED_MEDIAN,20.0,Imputed missing/zero numerical value using regional median.
5283,B00169NR,LOAD_LIMIT,IMPUTED_MEDIAN,20.0,Imputed missing/zero numerical value using regional median.
5284,B00406PN,LOAD_LIMIT,IMPUTED_MEDIAN,20.0,Imputed missing/zero numerical value using regional median.
5287,B00498PN,LOAD_LIMIT,IMPUTED_MEDIAN,20.0,Imputed missing/zero numerical value using regional median.
5293,B00249BH,LOAD_LIMIT,IMPUTED_MEDIAN,20.0,Imputed missing/zero numerical value using regional median.
5294,B00639CB,LOAD_LIMIT,IMPUTED_MEDIAN,20.0,Imputed missing/zero numerical value using regional median.
5304,B04695LZ,LOAD_LIMIT,IMPUTED_MEDIAN,15.0,Imputed missing/zero numerical value using regional median.
5306,B00426PN,LOAD_LIMIT,IMPUTED_MEDIAN,20.0,Imputed missing/zero numerical value using regional median.
5324,B00108PN,LOAD_LIMIT,IMPUTED_MEDIAN,20.0,Imputed missing/zero numerical value using regional median.
5329,B00505PN,LOAD_LIMIT,IMPUTED_MEDIAN,20.0,Imputed missing/zero numerical value using regional median.
5333,B00367PN,LOAD_LIMIT,IMPUTED_MEDIAN,20.0,Imputed missing/zero numerical value using regional median.
5336,B00390PN,LOAD_LIMIT,IMPUTED_MEDIAN,20.0,Imputed missing/zero numerical value using regional median.
5338,B00223BH,LOAD_LIMIT,IMPUTED_MEDIAN,20.0,Imputed missing/zero numerical value using regional median.
5351,B00523PN,LOAD_LIMIT,IMPUTED_MEDIAN,20.0,Imputed missing/zero numerical value using regional median.
5363,B00311NR,LOAD_LIMIT,IMPUTED_MEDIAN,20.0,Imputed missing/zero numerical value using regional median.
5370,B00543NR,LOAD_LIMIT,IMPUTED_MEDIAN,20.0,Imputed missing/zero numerical value using regional median.
5374,B00354PN,LOAD_LIMIT,IMPUTED_MEDIAN,20.0,Imputed missing/zero numerical value using regional median.
5376,B00313NR,LOAD_LIMIT,IMPUTED_MEDIAN,20.0,Imputed missing/zero numerical value using regional median.
5381,B00091PN,LOAD_LIMIT,IMPUTED_MEDIAN,20.0,Imputed missing/zero numerical value using regional median.
5389,B00030PN,LOAD_LIMIT,IMPUTED_MEDIAN,20.0,Imputed missing/zero numerical value using regional median.
5392,B00239PN,LOAD_LIMIT,IMPUTED_MEDIAN,20.0,Imputed missing/zero numerical value using regional median.
5400,B00371PN,LOAD_LIMIT,IMPUTED_MEDIAN,20.0,Imputed missing/zero numerical value using regional median.
5405,B00107PN,LOAD_LIMIT,IMPUTED_MEDIAN,20.0,Imputed missing/zero numerical value using regional median.
5410,B00364PN,LOAD_LIMIT,IMPUTED_MEDIAN,20.0,Imputed missing/zero numerical value using regional median.
5421,B00305PN,LOAD_LIMIT,IMPUTED_MEDIAN,20.0,Imputed missing/zero numerical value using regional median.
5429,B00325PN,LOAD_LIMIT,IMPUTED_MEDIAN,20.0,Imputed missing/zero numerical value using regional median.
5433,B00490NR,LOAD_LIMIT,IMPUTED_MEDIAN,20.0,Imputed missing/zero numerical value using regional median.
5436,B00031PN,LOAD_LIMIT,IMPUTED_MEDIAN,20.0,Imputed missing/zero numerical value using regional median.
5441,B00202BH,LOAD_LIMIT,IMPUTED_MEDIAN,20.0,Imputed missing/zero numerical value using regional median.
5445,B00115PN,LOAD_LIMIT,IMPUTED_MEDIAN,20.0,Imputed missing/zero numerical value using regional median.
5446,B00059PN,LOAD_LIMIT,IMPUTED_MEDIAN,20.0,Imputed missing/zero numerical value using regional median.
5452,B00336PN,LOAD_LIMIT,IMPUTED_MEDIAN,20.0,Imputed missing/zero numerical value using regional median.
5457,B00232BH,LOAD_LIMIT,IMPUTED_MEDIAN,20.0,Imputed missing/zero numerical value using regional median.
5462,B00158PN,LOAD_LIMIT,IMPUTED_MEDIAN,20.0,Imputed missing/zero numerical value using regional median.
5478,B00295PN,LOAD_LIMIT,IMPUTED_MEDIAN,20.0,Imputed missing/zero numerical value using regional median.
5481,B00520PN,LOAD_LIMIT,IMPUTED_MEDIAN,20.0,Imputed missing/zero numerical value using regional median.
5486,B00384PN,LOAD_LIMIT,IMPUTED_MEDIAN,20.0,Imputed missing/zero numerical value using regional median.
5490,B00493NR,LOAD_LIMIT,IMPUTED_MEDIAN,20.0,Imputed missing/zero numerical value using regional median.
5493,B00356PN,LOAD_LIMIT,IMPUTED_MEDIAN,20.0,Imputed missing/zero numerical value using regional median.
5497,B00311PN,LOAD_LIMIT,IMPUTED_MEDIAN,20.0,Imputed missing/zero numerical value using regional median.
5498,B00231BH,LOAD_LIMIT,IMPUTED_MEDIAN,20.0,Imputed missing/zero numerical value using regional median.
5503,B00265PN,LOAD_LIMIT,IMPUTED_MEDIAN,20.0,Imputed missing/zero numerical value using regional median.
5514,B00171NR,LOAD_LIMIT,IMPUTED_MEDIAN,20.0,Imputed missing/zero numerical value using regional median.
5521,B00328PN,LOAD_LIMIT,IMPUTED_MEDIAN,20.0,Imputed missing/zero numerical value using regional median.
5523,B00098PN,LOAD_LIMIT,IMPUTED_MEDIAN,20.0,Imputed missing/zero numerical value using regional median.
5528,B00391PN,LOAD_LIMIT,IMPUTED_MEDIAN,20.0,Imputed missing/zero numerical value using regional median.
5530,B00148NR,LOAD_LIMIT,IMPUTED_MEDIAN,20.0,Imputed missing/zero numerical value using regional median.
5531,B00347PN,LOAD_LIMIT,IMPUTED_MEDIAN,20.0,Imputed missing/zero numerical value using regional median.
5534,B00237PN,LOAD_LIMIT,IMPUTED_MEDIAN,20.0,Imputed missing/zero numerical value using regional median.
5535,B04949LZ,LOAD_LIMIT,IMPUTED_MEDIAN,15.0,Imputed missing/zero numerical value using regional median.
5539,B00029PN,LOAD_LIMIT,IMPUTED_MEDIAN,20.0,Imputed missing/zero numerical value using regional median.
5543,B00368PN,LOAD_LIMIT,IMPUTED_MEDIAN,20.0,Imputed missing/zero numerical value using regional median.
5548,B00315NR,LOAD_LIMIT,IMPUTED_MEDIAN,20.0,Imputed missing/zero numerical value using regional median.
5558,B00471PN,LOAD_LIMIT,IMPUTED_MEDIAN,20.0,Imputed missing/zero numerical value using regional median.
5562,B00235BH,LOAD_LIMIT,IMPUTED_MEDIAN,20.0,Imputed missing/zero numerical value using regional median.
5563,B00294PN,LOAD_LIMIT,IMPUTED_MEDIAN,20.0,Imputed missing/zero numerical value using regional median.
5571,B00372PN,LOAD_LIMIT,IMPUTED_MEDIAN,20.0,Imputed missing/zero numerical value using regional median.
5576,B00333PN,LOAD_LIMIT,IMPUTED_MEDIAN,20.0,Imputed missing/zero numerical value using regional median.
5580,B00033PN,LOAD_LIMIT,IMPUTED_MEDIAN,20.0,Imputed missing/zero numerical value using regional median.
5583,B00310NR,LOAD_LIMIT,IMPUTED_MEDIAN,20.0,Imputed missing/zero numerical value using regional median.
5585,B00504PN,LOAD_LIMIT,IMPUTED_MEDIAN,20.0,Imputed missing/zero numerical value using regional median.
5589,B00216BH,LOAD_LIMIT,IMPUTED_MEDIAN,20.0,Imputed missing/zero numerical value using regional median.
5592,B00330PN,LOAD_LIMIT,IMPUTED_MEDIAN,20.0,Imputed missing/zero numerical value using regional median.
5604,B00246BH,LOAD_LIMIT,IMPUTED_MEDIAN,20.0,Imputed missing/zero numerical value using regional median.
5605,B00081MT,LOAD_LIMIT,IMPUTED_MEDIAN,15.0,Imputed missing/zero numerical value using regional median.
5612,B00078PN,LOAD_LIMIT,IMPUTED_MEDIAN,20.0,Imputed missing/zero numerical value using regional median.
5613,B00292PN,LOAD_LIMIT,IMPUTED_MEDIAN,20.0,Imputed missing/zero numerical value using regional median.
5615,B00553PN,LOAD_LIMIT,IMPUTED_MEDIAN,20.0,Imputed missing/zero numerical value using regional median.
5624,B00211BH,LOAD_LIMIT,IMPUTED_MEDIAN,20.0,Imputed missing/zero numerical value using regional median.
5627,B00507PN,LOAD_LIMIT,IMPUTED_MEDIAN,20.0,Imputed missing/zero numerical value using regional median.
5635,B00102MT,LOAD_LIMIT,IMPUTED_MEDIAN,15.0,Imputed missing/zero numerical value using regional median.
5643,B00299PN,LOAD_LIMIT,IMPUTED_MEDIAN,20.0,Imputed missing/zero numerical value using regional median.
5648,B00542PN,LOAD_LIMIT,IMPUTED_MEDIAN,20.0,Imputed missing/zero numerical value using regional median.
5651,B00227BH,LOAD_LIMIT,IMPUTED_MEDIAN,20.0,Imputed missing/zero numerical value using regional median.
5656,B00346PN,LOAD_LIMIT,IMPUTED_MEDIAN,20.0,Imputed missing/zero numerical value using regional median.
5663,B00365NR,LOAD_LIMIT,IMPUTED_MEDIAN,20.0,Imputed missing/zero numerical value using regional median.
5667,B00159NR,LOAD_LIMIT,IMPUTED_MEDIAN,20.0,Imputed missing/zero numerical value using regional median.
5677,B00541PN,LOAD_LIMIT,IMPUTED_MEDIAN,20.0,Imputed missing/zero numerical value using regional median.
5679,B00043MT,LOAD_LIMIT,IMPUTED_MEDIAN,15.0,Imputed missing/zero numerical value using regional median.
5682,B00164NR,LOAD_LIMIT,IMPUTED_MEDIAN,20.0,Imputed missing/zero numerical value using regional median.
5692,B00489PN,LOAD_LIMIT,IMPUTED_MEDIAN,20.0,Imputed missing/zero numerical value using regional median.
5698,B00361PN,LOAD_LIMIT,IMPUTED_MEDIAN,20.0,Imputed missing/zero numerical value using regional median.
5721,B00534PN,LOAD_LIMIT,IMPUTED_MEDIAN,20.0,Imputed missing/zero numerical value using regional median.
5729,B00244BH,LOAD_LIMIT,IMPUTED_MEDIAN,20.0,Imputed missing/zero numerical value using regional median.
5735,B00499LT,LOAD_LIMIT,IMPUTED_MEDIAN,15.0,Imputed missing/zero numerical value using regional median.
5737,B01657MN,LOAD_LIMIT,IMPUTED_MEDIAN,18.0,Imputed missing/zero numerical value using regional median.
5747,B00171LT,LOAD_LIMIT,IMPUTED_MEDIAN,15.0,Imputed missing/zero numerical value using regional median.
5748,B00533SM,LOAD_LIMIT,IMPUTED_MEDIAN,15.0,Imputed missing/zero numerical value using regional median.
5753,B00005SM,LOAD_LIMIT,IMPUTED_MEDIAN,15.0,Imputed missing/zero numerical value using regional median.
5768,B00548SM,LOAD_LIMIT,IMPUTED_MEDIAN,15.0,Imputed missing/zero numerical value using regional median.
5779,B00017LT,LOAD_LIMIT,IMPUTED_MEDIAN,15.0,Imputed missing/zero numerical value using regional median.
5781,B01884MN,LOAD_LIMIT,IMPUTED_MEDIAN,18.0,Imputed missing/zero numerical value using regional median.
5793,B00029BR,LOAD_LIMIT,IMPUTED_MEDIAN,15.0,Imputed missing/zero numerical value using regional median.
5795,B00573SM,LOAD_LIMIT,IMPUTED_MEDIAN,15.0,Imputed missing/zero numerical value using regional median.
5798,B00480LT,LOAD_LIMIT,IMPUTED_MEDIAN,15.0,Imputed missing/zero numerical value using regional median.
5802,B00460NR,LOAD_LIMIT,IMPUTED_MEDIAN,20.0,Imputed missing/zero numerical value using regional median.
5809,B01431MN,LOAD_LIMIT,IMPUTED_MEDIAN,18.0,Imputed missing/zero numerical value using regional median.
5810,B00117LT,LOAD_LIMIT,IMPUTED_MEDIAN,15.0,Imputed missing/zero numerical value using regional median.
5815,B00572SM,LOAD_LIMIT,IMPUTED_MEDIAN,15.0,Imputed missing/zero numerical value using regional median.
5820,B00574SM,LOAD_LIMIT,IMPUTED_MEDIAN,15.0,Imputed missing/zero numerical value using regional median.
5841,B00105LT,LOAD_LIMIT,IMPUTED_MEDIAN,15.0,Imputed missing/zero numerical value using regional median.
5846,B01717MN,LOAD_LIMIT,IMPUTED_MEDIAN,18.0,Imputed missing/zero numerical value using regional median.
5848,B00599SM,LOAD_LIMIT,IMPUTED_MEDIAN,15.0,Imputed missing/zero numerical value using regional median.
5852,B00559SM,LOAD_LIMIT,IMPUTED_MEDIAN,15.0,Imputed missing/zero numerical value using regional median.
5854,B00629LT,LOAD_LIMIT,IMPUTED_MEDIAN,15.0,Imputed missing/zero numerical value using regional median.
5855,B00010LT,LOAD_LIMIT,IMPUTED_MEDIAN,15.0,Imputed missing/zero numerical value using regional median.
5877,B00655CB,LOAD_LIMIT,IMPUTED_MEDIAN,20.0,Imputed missing/zero numerical value using regional median.
5878,B00173LT,LOAD_LIMIT,IMPUTED_MEDIAN,15.0,Imputed missing/zero numerical value using regional median.
5883,B01000MN,LOAD_LIMIT,IMPUTED_MEDIAN,18.0,Imputed missing/zero numerical value using regional median.
5891,B00630LT,LOAD_LIMIT,IMPUTED_MEDIAN,15.0,Imputed missing/zero numerical value using regional median.
5912,B00504SM,LOAD_LIMIT,IMPUTED_MEDIAN,15.0,Imputed missing/zero numerical value using regional median.
5926,B00401SM,LOAD_LIMIT,IMPUTED_MEDIAN,15.0,Imputed missing/zero numerical value using regional median.
5938,B00012SM,LOAD_LIMIT,IMPUTED_MEDIAN,15.0,Imputed missing/zero numerical value using regional median.
5940,B00056BR,LOAD_LIMIT,IMPUTED_MEDIAN,15.0,Imputed missing/zero numerical value using regional median.
5944,B00011SM,LOAD_LIMIT,IMPUTED_MEDIAN,15.0,Imputed missing/zero numerical value using regional median.
5946,B00623CB,LOAD_LIMIT,IMPUTED_MEDIAN,20.0,Imputed missing/zero numerical value using regional median.
5960,B00638CB,LOAD_LIMIT,IMPUTED_MEDIAN,20.0,Imputed missing/zero numerical value using regional median.
5963,B00438SM,LOAD_LIMIT,IMPUTED_MEDIAN,15.0,Imputed missing/zero numerical value using regional median.
5972,B00280SM,LOAD_LIMIT,IMPUTED_MEDIAN,15.0,Imputed missing/zero numerical value using regional median.
5975,B00392SM,LOAD_LIMIT,IMPUTED_MEDIAN,15.0,Imputed missing/zero numerical value using regional median.
5980,B00100LT,LOAD_LIMIT,IMPUTED_MEDIAN,15.0,Imputed missing/zero numerical value using regional median.
5985,B00663CB,LOAD_LIMIT,IMPUTED_MEDIAN,20.0,Imputed missing/zero numerical value using regional median.
5987,B00017SM,LOAD_LIMIT,IMPUTED_MEDIAN,15.0,Imputed missing/zero numerical value using regional median.
5992,B00046BR,LOAD_LIMIT,IMPUTED_MEDIAN,15.0,Imputed missing/zero numerical value using regional median.
5998,B00630CB,LOAD_LIMIT,IMPUTED_MEDIAN,20.0,Imputed missing/zero numerical value using regional median.
6004,B01007MN,LOAD_LIMIT,IMPUTED_MEDIAN,18.0,Imputed missing/zero numerical value using regional median.
6006,B00027BR,LOAD_LIMIT,IMPUTED_MEDIAN,15.0,Imputed missing/zero numerical value using regional median.
6008,B00626CB,LOAD_LIMIT,IMPUTED_MEDIAN,20.0,Imputed missing/zero numerical value using regional median.
6016,B00442SM,LOAD_LIMIT,IMPUTED_MEDIAN,15.0,Imputed missing/zero numerical value using regional median.
6037,B00627LT,LOAD_LIMIT,IMPUTED_MEDIAN,15.0,Imputed missing/zero numerical value using regional median.
6039,B00014SM,LOAD_LIMIT,IMPUTED_MEDIAN,15.0,Imputed missing/zero numerical value using regional median.
6042,B00443SM,LOAD_LIMIT,IMPUTED_MEDIAN,15.0,Imputed missing/zero numerical value using regional median.
6067,B00478LT,LOAD_LIMIT,IMPUTED_MEDIAN,15.0,Imputed missing/zero numerical value using regional median.
6070,B00619LT,LOAD_LIMIT,IMPUTED_MEDIAN,15.0,Imputed missing/zero numerical value using regional median.
6078,B00594SM,LOAD_LIMIT,IMPUTED_MEDIAN,15.0,Imputed missing/zero numerical value using regional median.
6079,B00651CB,LOAD_LIMIT,IMPUTED_MEDIAN,20.0,Imputed missing/zero numerical value using regional median.
6085,B01597MN,LOAD_LIMIT,IMPUTED_MEDIAN,18.0,Imputed missing/zero numerical value using regional median.
6088,B00616CB,LOAD_LIMIT,IMPUTED_MEDIAN,20.0,Imputed missing/zero numerical value using regional median.
6090,B00595SM,LOAD_LIMIT,IMPUTED_MEDIAN,15.0,Imputed missing/zero numerical value using regional median.
6093,B00640CB,LOAD_LIMIT,IMPUTED_MEDIAN,20.0,Imputed missing/zero numerical value using regional median.
6110,B01675MN,LOAD_LIMIT,IMPUTED_MEDIAN,18.0,Imputed missing/zero numerical value using regional median.
6126,B00660CB,LOAD_LIMIT,IMPUTED_MEDIAN,20.0,Imputed missing/zero numerical value using regional median.
6129,B01651MN,LOAD_LIMIT,IMPUTED_MEDIAN,18.0,Imputed missing/zero numerical value using regional median.
6131,B00970MN,LOAD_LIMIT,IMPUTED_MEDIAN,18.0,Imputed missing/zero numerical value using regional median.
6149,B00518SM,LOAD_LIMIT,IMPUTED_MEDIAN,15.0,Imputed missing/zero numerical value using regional median.
6157,B00404SM,LOAD_LIMIT,IMPUTED_MEDIAN,15.0,Imputed missing/zero numerical value using regional median.
6158,B00498SM,LOAD_LIMIT,IMPUTED_MEDIAN,15.0,Imputed missing/zero numerical value using regional median.
6162,B00627CB,LOAD_LIMIT,IMPUTED_MEDIAN,20.0,Imputed missing/zero numerical value using regional median.
6164,B00490SM,LOAD_LIMIT,IMPUTED_MEDIAN,15.0,Imputed missing/zero numerical value using regional median.
6175,B00003SM,LOAD_LIMIT,IMPUTED_MEDIAN,15.0,Imputed missing/zero numerical value using regional median.
6178,B00664CB,LOAD_LIMIT,IMPUTED_MEDIAN,20.0,Imputed missing/zero numerical value using regional median.
6193,B00517SM,LOAD_LIMIT,IMPUTED_MEDIAN,15.0,Imputed missing/zero numerical value using regional median.
6194,B01649MN,LOAD_LIMIT,IMPUTED_MEDIAN,18.0,Imputed missing/zero numerical value using regional median.
6196,B00338SM,LOAD_LIMIT,IMPUTED_MEDIAN,15.0,Imputed missing/zero numerical value using regional median.
6200,B00561SM,LOAD_LIMIT,IMPUTED_MEDIAN,15.0,Imputed missing/zero numerical value using regional median.
6205,B00625LT,LOAD_LIMIT,IMPUTED_MEDIAN,15.0,Imputed missing/zero numerical value using regional median.
6208,B00041BR,LOAD_LIMIT,IMPUTED_MEDIAN,15.0,Imputed missing/zero numerical value using regional median.
6228,B00650CB,LOAD_LIMIT,IMPUTED_MEDIAN,20.0,Imputed missing/zero numerical value using regional median.
6237,B01493MN,LOAD_LIMIT,IMPUTED_MEDIAN,18.0,Imputed missing/zero numerical value using regional median.
6238,B00675CB,LOAD_LIMIT,IMPUTED_MEDIAN,20.0,Imputed missing/zero numerical value using regional median.
6245,B00051BR,LOAD_LIMIT,IMPUTED_MEDIAN,15.0,Imputed missing/zero numerical value using regional median.
6252,B00462SM,LOAD_LIMIT,IMPUTED_MEDIAN,15.0,Imputed missing/zero numerical value using regional median.
6259,B00002LP,LOAD_LIMIT,IMPUTED_MEDIAN,20.0,Imputed missing/zero numerical value using regional median.
6263,B00661CB,LOAD_LIMIT,IMPUTED_MEDIAN,20.0,Imputed missing/zero numerical value using regional median.
6265,B00521SM,LOAD_LIMIT,IMPUTED_MEDIAN,15.0,Imputed missing/zero numerical value using regional median.
6266,B00389SM,LOAD_LIMIT,IMPUTED_MEDIAN,15.0,Imputed missing/zero numerical value using regional median.
6272,B00454NR,LOAD_LIMIT,IMPUTED_MEDIAN,20.0,Imputed missing/zero numerical value using regional median.
6273,B00632LT,LOAD_LIMIT,IMPUTED_MEDIAN,15.0,Imputed missing/zero numerical value using regional median.
6277,B00419SM,LOAD_LIMIT,IMPUTED_MEDIAN,15.0,Imputed missing/zero numerical value using regional median.
6281,B00614CB,LOAD_LIMIT,IMPUTED_MEDIAN,20.0,Imputed missing/zero numerical value using regional median.
6283,B00455SM,LOAD_LIMIT,IMPUTED_MEDIAN,15.0,Imputed missing/zero numerical value using regional median.
6287,B01519MN,LOAD_LIMIT,IMPUTED_MEDIAN,18.0,Imputed missing/zero numerical value using regional median.
6289,B00053BR,LOAD_LIMIT,IMPUTED_MEDIAN,15.0,Imputed missing/zero numerical value using regional median.
6295,B00673CB,LOAD_LIMIT,IMPUTED_MEDIAN,20.0,Imputed missing/zero numerical value using regional median.
6296,B00011LT,LOAD_LIMIT,IMPUTED_MEDIAN,15.0,Imputed missing/zero numerical value using regional median.
6305,B00617CB,LOAD_LIMIT,IMPUTED_MEDIAN,20.0,Imputed missing/zero numerical value using regional median.
6311,B00039BR,LOAD_LIMIT,IMPUTED_MEDIAN,15.0,Imputed missing/zero numerical value using regional median.
6313,B00640LT,LOAD_LIMIT,IMPUTED_MEDIAN,15.0,Imputed missing/zero numerical value using regional median.
6315,B00475LT,LOAD_LIMIT,IMPUTED_MEDIAN,15.0,Imputed missing/zero numerical value using regional median.
6329,B00009LT,LOAD_LIMIT,IMPUTED_MEDIAN,15.0,Imputed missing/zero numerical value using regional median.
6330,B00390SM,LOAD_LIMIT,IMPUTED_MEDIAN,15.0,Imputed missing/zero numerical value using regional median.
6334,B00246SM,LOAD_LIMIT,IMPUTED_MEDIAN,15.0,Imputed missing/zero numerical value using regional median.
6343,B00388SM,LOAD_LIMIT,IMPUTED_MEDIAN,15.0,Imputed missing/zero numerical value using regional median.
6349,B00107LT,LOAD_LIMIT,IMPUTED_MEDIAN,15.0,Imputed missing/zero numerical value using regional median.
6350,B00519SM,LOAD_LIMIT,IMPUTED_MEDIAN,15.0,Imputed missing/zero numerical value using regional median.
6359,B00453NR,LOAD_LIMIT,IMPUTED_MEDIAN,20.0,Imputed missing/zero numerical value using regional median.
6368,B00615CB,LOAD_LIMIT,IMPUTED_MEDIAN,20.0,Imputed missing/zero numerical value using regional median.
6372,B00637CB,LOAD_LIMIT,IMPUTED_MEDIAN,20.0,Imputed missing/zero numerical value using regional median.
6373,B00110LT,LOAD_LIMIT,IMPUTED_MEDIAN,15.0,Imputed missing/zero numerical value using regional median.
6374,B00064BR,LOAD_LIMIT,IMPUTED_MEDIAN,15.0,Imputed missing/zero numerical value using regional median.
6387,B01271MN,LOAD_LIMIT,IMPUTED_MEDIAN,18.0,Imputed missing/zero numerical value using regional median.
6391,B00656CB,LOAD_LIMIT,IMPUTED_MEDIAN,20.0,Imputed missing/zero numerical value using regional median.
6418,B00628LT,LOAD_LIMIT,IMPUTED_MEDIAN,15.0,Imputed missing/zero numerical value using regional median.
6420,B00174LT,LOAD_LIMIT,IMPUTED_MEDIAN,15.0,Imputed missing/zero numerical value using regional median.
6421,B00446SM,LOAD_LIMIT,IMPUTED_MEDIAN,15.0,Imputed missing/zero numerical value using regional median.
6424,B01008MN,LOAD_LIMIT,IMPUTED_MEDIAN,18.0,Imputed missing/zero numerical value using regional median.
6431,B00461NR,LOAD_LIMIT,IMPUTED_MEDIAN,20.0,Imputed missing/zero numerical value using regional median.
6434,B00016LT,LOAD_LIMIT,IMPUTED_MEDIAN,15.0,Imputed missing/zero numerical value using regional median.
6437,B00598SM,LOAD_LIMIT,IMPUTED_MEDIAN,15.0,Imputed missing/zero numerical value using regional median.
6448,B00560SM,LOAD_LIMIT,IMPUTED_MEDIAN,15.0,Imputed missing/zero numerical value using regional median.
6463,B00359LT,LOAD_LIMIT,IMPUTED_MEDIAN,15.0,Imputed missing/zero numerical value using regional median.
6470,B00657CB,LOAD_LIMIT,IMPUTED_MEDIAN,20.0,Imputed missing/zero numerical value using regional median.
6475,B01592MN,LOAD_LIMIT,IMPUTED_MEDIAN,18.0,Imputed missing/zero numerical value using regional median.
6478,B00624CB,LOAD_LIMIT,IMPUTED_MEDIAN,20.0,Imputed missing/zero numerical value using regional median.
6485,B00062BR,LOAD_LIMIT,IMPUTED_MEDIAN,15.0,Imputed missing/zero numerical value using regional median.
6509,B00575SM,LOAD_LIMIT,IMPUTED_MEDIAN,15.0,Imputed missing/zero numerical value using regional median.
6512,B00655LT,LOAD_LIMIT,IMPUTED_MEDIAN,15.0,Imputed missing/zero numerical value using regional median.
6514,B00628CB,LOAD_LIMIT,IMPUTED_MEDIAN,20.0,Imputed missing/zero numerical value using regional median.
6523,B01648MN,LOAD_LIMIT,IMPUTED_MEDIAN,18.0,Imputed missing/zero numerical value using regional median.
6524,B01815MN,LOAD_LIMIT,IMPUTED_MEDIAN,18.0,Imputed missing/zero numerical value using regional median.
6526,B00010SM,LOAD_LIMIT,IMPUTED_MEDIAN,15.0,Imputed missing/zero numerical value using regional median.
6534,B01924MN,LOAD_LIMIT,IMPUTED_MEDIAN,18.0,Imputed missing/zero numerical value using regional median.
6543,B00674CB,LOAD_LIMIT,IMPUTED_MEDIAN,20.0,Imputed missing/zero numerical value using regional median.
6544,B00093LT,LOAD_LIMIT,IMPUTED_MEDIAN,15.0,Imputed missing/zero numerical value using regional median.
6545,B00527SM,LOAD_LIMIT,IMPUTED_MEDIAN,15.0,Imputed missing/zero numerical value using regional median.
6546,B00393SM,LOAD_LIMIT,IMPUTED_MEDIAN,15.0,Imputed missing/zero numerical value using regional median.
6553,B00081CB,LOAD_LIMIT,IMPUTED_MEDIAN,20.0,Imputed missing/zero numerical value using regional median.
6554,B00626LT,LOAD_LIMIT,IMPUTED_MEDIAN,15.0,Imputed missing/zero numerical value using regional median.
6560,B00554SM,LOAD_LIMIT,IMPUTED_MEDIAN,15.0,Imputed missing/zero numerical value using regional median.
6561,B01653MN,LOAD_LIMIT,IMPUTED_MEDIAN,18.0,Imputed missing/zero numerical value using regional median.
6562,B00333LT,LOAD_LIMIT,IMPUTED_MEDIAN,15.0,Imputed missing/zero numerical value using regional median.
6565,B00505LT,LOAD_LIMIT,IMPUTED_MEDIAN,15.0,Imputed missing/zero numerical value using regional median.
6576,B00051NR,LOAD_LIMIT,IMPUTED_MEDIAN,20.0,Imputed missing/zero numerical value using regional median.
6577,B00576SM,LOAD_LIMIT,IMPUTED_MEDIAN,15.0,Imputed missing/zero numerical value using regional median.
6594,B01005MN,LOAD_LIMIT,IMPUTED_MEDIAN,18.0,Imputed missing/zero numerical value using regional median.
6595,B00349LT,LOAD_LIMIT,IMPUTED_MEDIAN,15.0,Imputed missing/zero numerical value using regional median.
6605,B00479LT,LOAD_LIMIT,IMPUTED_MEDIAN,15.0,Imputed missing/zero numerical value using regional median.
6607,B01004MN,LOAD_LIMIT,IMPUTED_MEDIAN,18.0,Imputed missing/zero numerical value using regional median.
6613,B00516NR,LOAD_LIMIT,IMPUTED_MEDIAN,20.0,Imputed missing/zero numerical value using regional median.
6615,B00634CB,LOAD_LIMIT,IMPUTED_MEDIAN,20.0,Imputed missing/zero numerical value using regional median.
6621,B00316SM,LOAD_LIMIT,IMPUTED_MEDIAN,15.0,Imputed missing/zero numerical value using regional median.
6623,B00666CB,LOAD_LIMIT,IMPUTED_MEDIAN,20.0,Imputed missing/zero numerical value using regional median.
6638,B00515SM,LOAD_LIMIT,IMPUTED_MEDIAN,15.0,Imputed missing/zero numerical value using regional median.
6641,B01720MN,LOAD_LIMIT,IMPUTED_MEDIAN,18.0,Imputed missing/zero numerical value using regional median.
6647,B00077NR,LOAD_LIMIT,IMPUTED_MEDIAN,20.0,Imputed missing/zero numerical value using regional median.
6651,B00516SM,LOAD_LIMIT,IMPUTED_MEDIAN,15.0,Imputed missing/zero numerical value using regional median.
6665,B00055BR,LOAD_LIMIT,IMPUTED_MEDIAN,15.0,Imputed missing/zero numerical value using regional median.
6666,B00407SM,LOAD_LIMIT,IMPUTED_MEDIAN,15.0,Imputed missing/zero numerical value using regional median.
6667,B00650LT,LOAD_LIMIT,IMPUTED_MEDIAN,15.0,Imputed missing/zero numerical value using regional median.
6674,B00618CB,LOAD_LIMIT,IMPUTED_MEDIAN,20.0,Imputed missing/zero numerical value using regional median.
6682,B00418SM,LOAD_LIMIT,IMPUTED_MEDIAN,15.0,Imputed missing/zero numerical value using regional median.
6719,B01719MN,LOAD_LIMIT,IMPUTED_MEDIAN,18.0,Imputed missing/zero numerical value using regional median.
6729,B00038BR,LOAD_LIMIT,IMPUTED_MEDIAN,15.0,Imputed missing/zero numerical value using regional median.
6730,B00566SM,LOAD_LIMIT,IMPUTED_MEDIAN,15.0,Imputed missing/zero numerical value using regional median.
6731,B00015SM,LOAD_LIMIT,IMPUTED_MEDIAN,15.0,Imputed missing/zero numerical value using regional median.
6735,B00562SM,LOAD_LIMIT,IMPUTED_MEDIAN,15.0,Imputed missing/zero numerical value using regional median.
6743,B00065BR,LOAD_LIMIT,IMPUTED_MEDIAN,15.0,Imputed missing/zero numerical value using regional median.
6744,B01816MN,LOAD_LIMIT,IMPUTED_MEDIAN,18.0,Imputed missing/zero numerical value using regional median.
6750,B00013LT,LOAD_LIMIT,IMPUTED_MEDIAN,15.0,Imputed missing/zero numerical value using regional median.
6753,B00393LT,LOAD_LIMIT,IMPUTED_MEDIAN,15.0,Imputed missing/zero numerical value using regional median.
6755,B00662CB,LOAD_LIMIT,IMPUTED_MEDIAN,20.0,Imputed missing/zero numerical value using regional median.
6762,B00050BR,LOAD_LIMIT,IMPUTED_MEDIAN,15.0,Imputed missing/zero numerical value using regional median.
6779,B00545SM,LOAD_LIMIT,IMPUTED_MEDIAN,15.0,Imputed missing/zero numerical value using regional median.
6784,B00535SM,LOAD_LIMIT,IMPUTED_MEDIAN,15.0,Imputed missing/zero numerical value using regional median.
6794,B00531NR,LOAD_LIMIT,IMPUTED_MEDIAN,20.0,Imputed missing/zero numerical value using regional median.
6798,B00445SM,LOAD_LIMIT,IMPUTED_MEDIAN,15.0,Imputed missing/zero numerical value using regional median.
6800,B00524SM,LOAD_LIMIT,IMPUTED_MEDIAN,15.0,Imputed missing/zero numerical value using regional median.
6814,B01650MN,LOAD_LIMIT,IMPUTED_MEDIAN,18.0,Imputed missing/zero numerical value using regional median.
6831,B00463NR,LOAD_LIMIT,IMPUTED_MEDIAN,20.0,Imputed missing/zero numerical value using regional median.
6843,B01718MN,LOAD_LIMIT,IMPUTED_MEDIAN,18.0,Imputed missing/zero numerical value using regional median.
6850,B00479NR,LOAD_LIMIT,IMPUTED_MEDIAN,20.0,Imputed missing/zero numerical value using regional median.
6853,B00506LT,LOAD_LIMIT,IMPUTED_MEDIAN,15.0,Imputed missing/zero numerical value using regional median.
6855,B00565SM,LOAD_LIMIT,IMPUTED_MEDIAN,15.0,Imputed missing/zero numerical value using regional median.
6868,B00493SM,LOAD_LIMIT,IMPUTED_MEDIAN,15.0,Imputed missing/zero numerical value using regional median.
6885,B00624LT,LOAD_LIMIT,IMPUTED_MEDIAN,15.0,Imputed missing/zero numerical value using regional median.
6904,B00042BR,LOAD_LIMIT,IMPUTED_MEDIAN,15.0,Imputed missing/zero numerical value using regional median.
6909,B00541SM,LOAD_LIMIT,IMPUTED_MEDIAN,15.0,Imputed missing/zero numerical value using regional median.
6919,B00435SM,LOAD_LIMIT,IMPUTED_MEDIAN,15.0,Imputed missing/zero numerical value using regional median.
6920,B01417MN,LOAD_LIMIT,IMPUTED_MEDIAN,18.0,Imputed missing/zero numerical value using regional median.
6925,B00526SM,LOAD_LIMIT,IMPUTED_MEDIAN,15.0,Imputed missing/zero numerical value using regional median.
6946,B00644LT,LOAD_LIMIT,IMPUTED_MEDIAN,15.0,Imputed missing/zero numerical value using regional median.
6947,B01002MN,LOAD_LIMIT,IMPUTED_MEDIAN,18.0,Imputed missing/zero numerical value using regional median.
6955,B00504LT,LOAD_LIMIT,IMPUTED_MEDIAN,15.0,Imputed missing/zero numerical value using regional median.
6957,B01656MN,LOAD_LIMIT,IMPUTED_MEDIAN,18.0,Imputed missing/zero numerical value using regional median.
6960,B00975MN,LOAD_LIMIT,IMPUTED_MEDIAN,18.0,Imputed missing/zero numerical value using regional median.
6969,B00035BR,LOAD_LIMIT,IMPUTED_MEDIAN,15.0,Imputed missing/zero numerical value using regional median.
6970,B00398SM,LOAD_LIMIT,IMPUTED_MEDIAN,15.0,Imputed missing/zero numerical value using regional median.
6978,B00634LT,LOAD_LIMIT,IMPUTED_MEDIAN,15.0,Imputed missing/zero numerical value using regional median.
6981,B00013SM,LOAD_LIMIT,IMPUTED_MEDIAN,15.0,Imputed missing/zero numerical value using regional median.
6989,B00492SM,LOAD_LIMIT,IMPUTED_MEDIAN,15.0,Imputed missing/zero numerical value using regional median.
7002,B01652MN,LOAD_LIMIT,IMPUTED_MEDIAN,18.0,Imputed missing/zero numerical value using regional median.
7003,B00444SM,LOAD_LIMIT,IMPUTED_MEDIAN,15.0,Imputed missing/zero numerical value using regional median.
7007,B00643CB,LOAD_LIMIT,IMPUTED_MEDIAN,20.0,Imputed missing/zero numerical value using regional median.
7019,B00399SM,LOAD_LIMIT,IMPUTED_MEDIAN,15.0,Imputed missing/zero numerical value using regional median.
7024,B00659CB,LOAD_LIMIT,IMPUTED_MEDIAN,20.0,Imputed missing/zero numerical value using regional median.
7027,B00066NR,LOAD_LIMIT,IMPUTED_MEDIAN,20.0,Imputed missing/zero numerical value using regional median.
7030,B00063BR,LOAD_LIMIT,IMPUTED_MEDIAN,15.0,Imputed missing/zero numerical value using regional median.
7033,B00525SM,LOAD_LIMIT,IMPUTED_MEDIAN,15.0,Imputed missing/zero numerical value using regional median.
7039,B00479SM,LOAD_LIMIT,IMPUTED_MEDIAN,15.0,Imputed missing/zero numerical value using regional median.
7040,B00515NR,LOAD_LIMIT,IMPUTED_MEDIAN,20.0,Imputed missing/zero numerical value using regional median.
7063,B00633LT,LOAD_LIMIT,IMPUTED_MEDIAN,15.0,Imputed missing/zero numerical value using regional median.
7075,B00558SM,LOAD_LIMIT,IMPUTED_MEDIAN,15.0,Imputed missing/zero numerical value using regional median.
7080,B00052BR,LOAD_LIMIT,IMPUTED_MEDIAN,15.0,Imputed missing/zero numerical value using regional median.
7088,B00665CB,LOAD_LIMIT,IMPUTED_MEDIAN,20.0,Imputed missing/zero numerical value using regional median.
7107,B00639LT,LOAD_LIMIT,IMPUTED_MEDIAN,15.0,Imputed missing/zero numerical value using regional median.
7113,B00596SM,LOAD_LIMIT,IMPUTED_MEDIAN,15.0,Imputed missing/zero numerical value using regional median.
7124,B00008SM,LOAD_LIMIT,IMPUTED_MEDIAN,15.0,Imputed missing/zero numerical value using regional median.
7128,B00597SM,LOAD_LIMIT,IMPUTED_MEDIAN,15.0,Imputed missing/zero numerical value using regional median.
7132,B01001MN,LOAD_LIMIT,IMPUTED_MEDIAN,18.0,Imputed missing/zero numerical value using regional median.
7137,B00631LT,LOAD_LIMIT,IMPUTED_MEDIAN,15.0,Imputed missing/zero numerical value using regional median.
7142,B00528SM,LOAD_LIMIT,IMPUTED_MEDIAN,15.0,Imputed missing/zero numerical value using regional median.
7150,B00459NR,LOAD_LIMIT,IMPUTED_MEDIAN,20.0,Imputed missing/zero numerical value using regional median.
7177,B00534SM,LOAD_LIMIT,IMPUTED_MEDIAN,15.0,Imputed missing/zero numerical value using regional median.
7179,B00103LT,LOAD_LIMIT,IMPUTED_MEDIAN,15.0,Imputed missing/zero numerical value using regional median.
7191,B01613MN,LOAD_LIMIT,IMPUTED_MEDIAN,15.0,Imputed missing/zero numerical value using regional median.
7192,B01807MN,LOAD_LIMIT,IMPUTED_MEDIAN,15.0,Imputed missing/zero numerical value using regional median.
7194,B01576MN,LOAD_LIMIT,IMPUTED_MEDIAN,20.0,Imputed missing/zero numerical value using regional median.
7195,B00313MN,LOAD_LIMIT,IMPUTED_MEDIAN,15.0,Imputed missing/zero numerical value using regional median.
7200,B01779MN,LOAD_LIMIT,IMPUTED_MEDIAN,20.0,Imputed missing/zero numerical value using regional median.
7203,B00016MN,LOAD_LIMIT,IMPUTED_MEDIAN,15.0,Imputed missing/zero numerical value using regional median.
7206,B01573MN,LOAD_LIMIT,IMPUTED_MEDIAN,20.0,Imputed missing/zero numerical value using regional median.
7219,B01956MN,LOAD_LIMIT,IMPUTED_MEDIAN,15.0,Imputed missing/zero numerical value using regional median.
7222,B01725MN,LOAD_LIMIT,IMPUTED_MEDIAN,20.0,Imputed missing/zero numerical value using regional median.
7223,B02001MN,LOAD_LIMIT,IMPUTED_MEDIAN,15.0,Imputed missing/zero numerical value using regional median.
7229,B01991MN,LOAD_LIMIT,IMPUTED_MEDIAN,20.0,Imputed missing/zero numerical value using regional median.
7233,B01985MN,LOAD_LIMIT,IMPUTED_MEDIAN,15.0,Imputed missing/zero numerical value using regional median.
7234,B01918MN,LOAD_LIMIT,IMPUTED_MEDIAN,15.0,Imputed missing/zero numerical value using regional median.
7235,B01904MN,LOAD_LIMIT,IMPUTED_MEDIAN,15.0,Imputed missing/zero numerical value using regional median.
7238,B01979MN,LOAD_LIMIT,IMPUTED_MEDIAN,20.0,Imputed missing/zero numerical value using regional median.
7245,B01837MN,LOAD_LIMIT,IMPUTED_MEDIAN,15.0,Imputed missing/zero numerical value using regional median.
7254,B01603MN,LOAD_LIMIT,IMPUTED_MEDIAN,15.0,Imputed missing/zero numerical value using regional median.
7257,B00339MN,LOAD_LIMIT,IMPUTED_MEDIAN,15.0,Imputed missing/zero numerical value using regional median.
7267,B02006MN,LOAD_LIMIT,IMPUTED_MEDIAN,15.0,Imputed missing/zero numerical value using regional median.
7271,B01684MN,LOAD_LIMIT,IMPUTED_MEDIAN,15.0,Imputed missing/zero numerical value using regional median.
7278,B01960MN,LOAD_LIMIT,IMPUTED_MEDIAN,20.0,Imputed missing/zero numerical value using regional median.
7285,B01902MN,LOAD_LIMIT,IMPUTED_MEDIAN,18.0,Imputed missing/zero numerical value using regional median.
7289,B01262MN,LOAD_LIMIT,IMPUTED_MEDIAN,15.0,Imputed missing/zero numerical value using regional median.
7304,B01798MN,LOAD_LIMIT,IMPUTED_MEDIAN,20.0,Imputed missing/zero numerical value using regional median.
7309,B02008MN,LOAD_LIMIT,IMPUTED_MEDIAN,15.0,Imputed missing/zero numerical value using regional median.
7312,B00111DG,LOAD_LIMIT,IMPUTED_MEDIAN,20.0,Imputed missing/zero numerical value using regional median.
7330,B00934MN,LOAD_LIMIT,IMPUTED_MEDIAN,18.0,Imputed missing/zero numerical value using regional median.
7348,B00370MN,LOAD_LIMIT,IMPUTED_MEDIAN,18.0,Imputed missing/zero numerical value using regional median.
7352,B01926MN,LOAD_LIMIT,IMPUTED_MEDIAN,15.0,Imputed missing/zero numerical value using regional median.
7356,B01940MN,LOAD_LIMIT,IMPUTED_MEDIAN,20.0,Imputed missing/zero numerical value using regional median.
7361,B01601MN,LOAD_LIMIT,IMPUTED_MEDIAN,15.0,Imputed missing/zero numerical value using regional median.
7365,B01876MN,LOAD_LIMIT,IMPUTED_MEDIAN,15.0,Imputed missing/zero numerical value using regional median.
7367,B00598MN,LOAD_LIMIT,IMPUTED_MEDIAN,20.0,Imputed missing/zero numerical value using regional median.
7371,B01877MN,LOAD_LIMIT,IMPUTED_MEDIAN,15.0,Imputed missing/zero numerical value using regional median.
7372,B01602MN,LOAD_LIMIT,IMPUTED_MEDIAN,15.0,Imputed missing/zero numerical value using regional median.
7375,B00099DG,LOAD_LIMIT,IMPUTED_MEDIAN,20.0,Imputed missing/zero numerical value using regional median.
7376,B00401MN,LOAD_LIMIT,IMPUTED_MEDIAN,15.0,Imputed missing/zero numerical value using regional median.
7380,B01983MN,LOAD_LIMIT,IMPUTED_MEDIAN,20.0,Imputed missing/zero numerical value using regional median.
7393,B01635MN,LOAD_LIMIT,IMPUTED_MEDIAN,18.0,Imputed missing/zero numerical value using regional median.
7406,B01846MN,LOAD_LIMIT,IMPUTED_MEDIAN,15.0,Imputed missing/zero numerical value using regional median.
7410,B01541MN,LOAD_LIMIT,IMPUTED_MEDIAN,15.0,Imputed missing/zero numerical value using regional median.
7411,B00006MN,LOAD_LIMIT,IMPUTED_MEDIAN,15.0,Imputed missing/zero numerical value using regional median.
7418,B01999MN,LOAD_LIMIT,IMPUTED_MEDIAN,15.0,Imputed missing/zero numerical value using regional median.
7423,B00953MN,LOAD_LIMIT,IMPUTED_MEDIAN,18.0,Imputed missing/zero numerical value using regional median.
7424,B01462MN,LOAD_LIMIT,IMPUTED_MEDIAN,15.0,Imputed missing/zero numerical value using regional median.
7427,B00632MN,LOAD_LIMIT,IMPUTED_MEDIAN,15.0,Imputed missing/zero numerical value using regional median.
7439,B01913MN,LOAD_LIMIT,IMPUTED_MEDIAN,20.0,Imputed missing/zero numerical value using regional median.
7442,B01990MN,LOAD_LIMIT,IMPUTED_MEDIAN,20.0,Imputed missing/zero numerical value using regional median.
7447,B01628MN,LOAD_LIMIT,IMPUTED_MEDIAN,15.0,Imputed missing/zero numerical value using regional median.
7448,B02000MN,LOAD_LIMIT,IMPUTED_MEDIAN,15.0,Imputed missing/zero numerical value using regional median.
7451,B01968MN,LOAD_LIMIT,IMPUTED_MEDIAN,20.0,Imputed missing/zero numerical value using regional median.
7465,B01742MN,LOAD_LIMIT,IMPUTED_MEDIAN,20.0,Imputed missing/zero numerical value using regional median.
7470,B01936MN,LOAD_LIMIT,IMPUTED_MEDIAN,15.0,Imputed missing/zero numerical value using regional median.
7476,B00384MN,LOAD_LIMIT,IMPUTED_MEDIAN,18.0,Imputed missing/zero numerical value using regional median.
7488,B00389MN,LOAD_LIMIT,IMPUTED_MEDIAN,18.0,Imputed missing/zero numerical value using regional median.
7492,B01870MN,LOAD_LIMIT,IMPUTED_MEDIAN,15.0,Imputed missing/zero numerical value using regional median.
7493,B00026MN,LOAD_LIMIT,IMPUTED_MEDIAN,15.0,Imputed missing/zero numerical value using regional median.
7495,B01818MN,LOAD_LIMIT,IMPUTED_MEDIAN,20.0,Imputed missing/zero numerical value using regional median.
7501,B00618MN,LOAD_LIMIT,IMPUTED_MEDIAN,15.0,Imputed missing/zero numerical value using regional median.
7505,B01795MN,LOAD_LIMIT,IMPUTED_MEDIAN,20.0,Imputed missing/zero numerical value using regional median.
7508,B00157MN,LOAD_LIMIT,IMPUTED_MEDIAN,15.0,Imputed missing/zero numerical value using regional median.
7514,B01685MN,LOAD_LIMIT,IMPUTED_MEDIAN,15.0,Imputed missing/zero numerical value using regional median.
7521,B01570MN,LOAD_LIMIT,IMPUTED_MEDIAN,15.0,Imputed missing/zero numerical value using regional median.
7523,B01826MN,LOAD_LIMIT,IMPUTED_MEDIAN,18.0,Imputed missing/zero numerical value using regional median.
7524,B01743MN,LOAD_LIMIT,IMPUTED_MEDIAN,20.0,Imputed missing/zero numerical value using regional median.
7528,B01811MN,LOAD_LIMIT,IMPUTED_MEDIAN,15.0,Imputed missing/zero numerical value using regional median.
7529,B01906MN,LOAD_LIMIT,IMPUTED_MEDIAN,15.0,Imputed missing/zero numerical value using regional median.
7540,B01977MN,LOAD_LIMIT,IMPUTED_MEDIAN,20.0,Imputed missing/zero numerical value using regional median.
7541,B01996MN,LOAD_LIMIT,IMPUTED_MEDIAN,15.0,Imputed missing/zero numerical value using regional median.
7543,B01352MN,LOAD_LIMIT,IMPUTED_MEDIAN,18.0,Imputed missing/zero numerical value using regional median.
7546,B01792MN,LOAD_LIMIT,IMPUTED_MEDIAN,20.0,Imputed missing/zero numerical value using regional median.
7548,B01914MN,LOAD_LIMIT,IMPUTED_MEDIAN,20.0,Imputed missing/zero numerical value using regional median.
7551,B01659MN,LOAD_LIMIT,IMPUTED_MEDIAN,15.0,Imputed missing/zero numerical value using regional median.
7552,B00027MN,LOAD_LIMIT,IMPUTED_MEDIAN,15.0,Imputed missing/zero numerical value using regional median.
7555,B01488MN,LOAD_LIMIT,IMPUTED_MEDIAN,20.0,Imputed missing/zero numerical value using regional median.
7556,B02010MN,LOAD_LIMIT,IMPUTED_MEDIAN,15.0,Imputed missing/zero numerical value using regional median.
7558,B01833MN,LOAD_LIMIT,IMPUTED_MEDIAN,20.0,Imputed missing/zero numerical value using regional median.
7562,B01627MN,LOAD_LIMIT,IMPUTED_MEDIAN,15.0,Imputed missing/zero numerical value using regional median.
7570,B01713MN,LOAD_LIMIT,IMPUTED_MEDIAN,15.0,Imputed missing/zero numerical value using regional median.
7571,B01611MN,LOAD_LIMIT,IMPUTED_MEDIAN,15.0,Imputed missing/zero numerical value using regional median.
7573,B00105DG,LOAD_LIMIT,IMPUTED_MEDIAN,20.0,Imputed missing/zero numerical value using regional median.
7576,B01265MN,LOAD_LIMIT,IMPUTED_MEDIAN,15.0,Imputed missing/zero numerical value using regional median.
7583,B00098DG,LOAD_LIMIT,IMPUTED_MEDIAN,20.0,Imputed missing/zero numerical value using regional median.
7589,B00334MN,LOAD_LIMIT,IMPUTED_MEDIAN,15.0,Imputed missing/zero numerical value using regional median.
7594,B00096MN,LOAD_LIMIT,IMPUTED_MEDIAN,15.0,Imputed missing/zero numerical value using regional median.
7603,B01418MN,LOAD_LIMIT,IMPUTED_MEDIAN,15.0,Imputed missing/zero numerical value using regional median.
7604,B01992MN,LOAD_LIMIT,IMPUTED_MEDIAN,20.0,Imputed missing/zero numerical value using regional median.
7609,B01732MN,LOAD_LIMIT,IMPUTED_MEDIAN,20.0,Imputed missing/zero numerical value using regional median.
7613,B01966MN,LOAD_LIMIT,IMPUTED_MEDIAN,20.0,Imputed missing/zero numerical value using regional median.
7627,B00106DG,LOAD_LIMIT,IMPUTED_MEDIAN,20.0,Imputed missing/zero numerical value using regional median.
7632,B01800MN,LOAD_LIMIT,IMPUTED_MEDIAN,20.0,Imputed missing/zero numerical value using regional median.
7639,B01994MN,LOAD_LIMIT,IMPUTED_MEDIAN,15.0,Imputed missing/zero numerical value using regional median.
7640,B01959MN,LOAD_LIMIT,IMPUTED_MEDIAN,20.0,Imputed missing/zero numerical value using regional median.
7641,B02005MN,LOAD_LIMIT,IMPUTED_MEDIAN,15.0,Imputed missing/zero numerical value using regional median.
7645,B01758MN,LOAD_LIMIT,IMPUTED_MEDIAN,15.0,Imputed missing/zero numerical value using regional median.
7646,B01687MN,LOAD_LIMIT,IMPUTED_MEDIAN,15.0,Imputed missing/zero numerical value using regional median.
7648,B01681MN,LOAD_LIMIT,IMPUTED_MEDIAN,18.0,Imputed missing/zero numerical value using regional median.
7659,B02002MN,LOAD_LIMIT,IMPUTED_MEDIAN,15.0,Imputed missing/zero numerical value using regional median.
7672,B01481MN,LOAD_LIMIT,IMPUTED_MEDIAN,15.0,Imputed missing/zero numerical value using regional median.
7673,B01640MN,LOAD_LIMIT,IMPUTED_MEDIAN,18.0,Imputed missing/zero numerical value using regional median.
7674,B01575MN,LOAD_LIMIT,IMPUTED_MEDIAN,20.0,Imputed missing/zero numerical value using regional median.
7682,B01780MN,LOAD_LIMIT,IMPUTED_MEDIAN,15.0,Imputed missing/zero numerical value using regional median.
7686,B01942MN,LOAD_LIMIT,IMPUTED_MEDIAN,20.0,Imputed missing/zero numerical value using regional median.
7695,B00402MN,LOAD_LIMIT,IMPUTED_MEDIAN,15.0,Imputed missing/zero numerical value using regional median.
7701,B01680MN,LOAD_LIMIT,IMPUTED_MEDIAN,15.0,Imputed missing/zero numerical value using regional median.
7710,B00100DG,LOAD_LIMIT,IMPUTED_MEDIAN,20.0,Imputed missing/zero numerical value using regional median.
7717,B01873MN,LOAD_LIMIT,IMPUTED_MEDIAN,15.0,Imputed missing/zero numerical value using regional median.
7719,B01744MN,LOAD_LIMIT,IMPUTED_MEDIAN,20.0,Imputed missing/zero numerical value using regional median.
7722,B00102DG,LOAD_LIMIT,IMPUTED_MEDIAN,20.0,Imputed missing/zero numerical value using regional median.
7727,B01629MN,LOAD_LIMIT,IMPUTED_MEDIAN,15.0,Imputed missing/zero numerical value using regional median.
7742,B01600MN,LOAD_LIMIT,IMPUTED_MEDIAN,15.0,Imputed missing/zero numerical value using regional median.
7753,B01731MN,LOAD_LIMIT,IMPUTED_MEDIAN,20.0,Imputed missing/zero numerical value using regional median.
7760,B01636MN,LOAD_LIMIT,IMPUTED_MEDIAN,18.0,Imputed missing/zero numerical value using regional median.
7763,B01986MN,LOAD_LIMIT,IMPUTED_MEDIAN,15.0,Imputed missing/zero numerical value using regional median.
7764,B01915MN,LOAD_LIMIT,IMPUTED_MEDIAN,15.0,Imputed missing/zero numerical value using regional median.
7768,B01969MN,LOAD_LIMIT,IMPUTED_MEDIAN,20.0,Imputed missing/zero numerical value using regional median.
7783,B01882MN,LOAD_LIMIT,IMPUTED_MEDIAN,15.0,Imputed missing/zero numerical value using regional median.
7786,B01984MN,LOAD_LIMIT,IMPUTED_MEDIAN,15.0,Imputed missing/zero numerical value using regional median.
7789,B00381MN,LOAD_LIMIT,IMPUTED_MEDIAN,18.0,Imputed missing/zero numerical value using regional median.
7790,B01676MN,LOAD_LIMIT,IMPUTED_MEDIAN,20.0,Imputed missing/zero numerical value using regional median.
7794,B01958MN,LOAD_LIMIT,IMPUTED_MEDIAN,20.0,Imputed missing/zero numerical value using regional median.
7795,B02004MN,LOAD_LIMIT,IMPUTED_MEDIAN,15.0,Imputed missing/zero numerical value using regional median.
7806,B01727MN,LOAD_LIMIT,IMPUTED_MEDIAN,20.0,Imputed missing/zero numerical value using regional median.
7817,B00337MN,LOAD_LIMIT,IMPUTED_MEDIAN,15.0,Imputed missing/zero numerical value using regional median.
7825,B01682MN,LOAD_LIMIT,IMPUTED_MEDIAN,18.0,Imputed missing/zero numerical value using regional median.
7831,B01715MN,LOAD_LIMIT,IMPUTED_MEDIAN,15.0,Imputed missing/zero numerical value using regional median.
7838,B01538MN,LOAD_LIMIT,IMPUTED_MEDIAN,15.0,Imputed missing/zero numerical value using regional median.
7846,B00090MN,LOAD_LIMIT,IMPUTED_MEDIAN,15.0,Imputed missing/zero numerical value using regional median.
7849,B02014MN,LOAD_LIMIT,IMPUTED_MEDIAN,20.0,Imputed missing/zero numerical value using regional median.
7860,B01782MN,LOAD_LIMIT,IMPUTED_MEDIAN,15.0,Imputed missing/zero numerical value using regional median.
7868,B00893MN,LOAD_LIMIT,IMPUTED_MEDIAN,18.0,Imputed missing/zero numerical value using regional median.
7869,B01883MN,LOAD_LIMIT,IMPUTED_MEDIAN,15.0,Imputed missing/zero numerical value using regional median.
7877,B01957MN,LOAD_LIMIT,IMPUTED_MEDIAN,15.0,Imputed missing/zero numerical value using regional median.
7879,B01724MN,LOAD_LIMIT,IMPUTED_MEDIAN,20.0,Imputed missing/zero numerical value using regional median.
7888,B01599MN,LOAD_LIMIT,IMPUTED_MEDIAN,15.0,Imputed missing/zero numerical value using regional median.
7891,B00623MN,LOAD_LIMIT,IMPUTED_MEDIAN,15.0,Imputed missing/zero numerical value using regional median.
7918,B01615MN,LOAD_LIMIT,IMPUTED_MEDIAN,15.0,Imputed missing/zero numerical value using regional median.
7926,B00015MN,LOAD_LIMIT,IMPUTED_MEDIAN,15.0,Imputed missing/zero numerical value using regional median.
7929,B01579MN,LOAD_LIMIT,IMPUTED_MEDIAN,20.0,Imputed missing/zero numerical value using regional median.
7937,B00619MN,LOAD_LIMIT,IMPUTED_MEDIAN,15.0,Imputed missing/zero numerical value using regional median.
7942,B00112MN,LOAD_LIMIT,IMPUTED_MEDIAN,15.0,Imputed missing/zero numerical value using regional median.
7944,B00601MN,LOAD_LIMIT,IMPUTED_MEDIAN,15.0,Imputed missing/zero numerical value using regional median.
7952,B01858MN,LOAD_LIMIT,IMPUTED_MEDIAN,20.0,Imputed missing/zero numerical value using regional median.
7954,B01673MN,LOAD_LIMIT,IMPUTED_MEDIAN,20.0,Imputed missing/zero numerical value using regional median.
7959,B01545MN,LOAD_LIMIT,IMPUTED_MEDIAN,15.0,Imputed missing/zero numerical value using regional median.
7963,B00109DG,LOAD_LIMIT,IMPUTED_MEDIAN,20.0,Imputed missing/zero numerical value using regional median.
7973,B01938MN,LOAD_LIMIT,IMPUTED_MEDIAN,20.0,Imputed missing/zero numerical value using regional median.
7976,B01931MN,LOAD_LIMIT,IMPUTED_MEDIAN,20.0,Imputed missing/zero numerical value using regional median.
7988,B01893MN,LOAD_LIMIT,IMPUTED_MEDIAN,15.0,Imputed missing/zero numerical value using regional median.
7993,B00995MN,LOAD_LIMIT,IMPUTED_MEDIAN,18.0,Imputed missing/zero numerical value using regional median.
7994,B01831MN,LOAD_LIMIT,IMPUTED_MEDIAN,20.0,Imputed missing/zero numerical value using regional median.
7998,B01537MN,LOAD_LIMIT,IMPUTED_MEDIAN,15.0,Imputed missing/zero numerical value using regional median.
8007,B00600MN,LOAD_LIMIT,IMPUTED_MEDIAN,15.0,Imputed missing/zero numerical value using regional median.
8008,B01730MN,LOAD_LIMIT,IMPUTED_MEDIAN,20.0,Imputed missing/zero numerical value using regional median.
8013,B01897MN,LOAD_LIMIT,IMPUTED_MEDIAN,15.0,Imputed missing/zero numerical value using regional median.
8017,B01781MN,LOAD_LIMIT,IMPUTED_MEDIAN,15.0,Imputed missing/zero numerical value using regional median.
8022,B00040MN,LOAD_LIMIT,IMPUTED_MEDIAN,15.0,Imputed missing/zero numerical value using regional median.
8032,B01577MN,LOAD_LIMIT,IMPUTED_MEDIAN,20.0,Imputed missing/zero numerical value using regional median.
8037,B01838MN,LOAD_LIMIT,IMPUTED_MEDIAN,15.0,Imputed missing/zero numerical value using regional median.
8038,B00104DG,LOAD_LIMIT,IMPUTED_MEDIAN,20.0,Imputed missing/zero numerical value using regional median.
8042,B01840MN,LOAD_LIMIT,IMPUTED_MEDIAN,15.0,Imputed missing/zero numerical value using regional median.
8043,B01869MN,LOAD_LIMIT,IMPUTED_MEDIAN,15.0,Imputed missing/zero numerical value using regional median.
8046,B00346MN,LOAD_LIMIT,IMPUTED_MEDIAN,18.0,Imputed missing/zero numerical value using regional median.
8047,B01965MN,LOAD_LIMIT,IMPUTED_MEDIAN,20.0,Imputed missing/zero numerical value using regional median.
8050,B00107DG,LOAD_LIMIT,IMPUTED_MEDIAN,20.0,Imputed missing/zero numerical value using regional median.
8051,B01810MN,LOAD_LIMIT,IMPUTED_MEDIAN,15.0,Imputed missing/zero numerical value using regional median.
8055,B01542MN,LOAD_LIMIT,IMPUTED_MEDIAN,15.0,Imputed missing/zero numerical value using regional median.
8064,B01997MN,LOAD_LIMIT,IMPUTED_MEDIAN,15.0,Imputed missing/zero numerical value using regional median.
8070,B01100MN,LOAD_LIMIT,IMPUTED_MEDIAN,18.0,Imputed missing/zero numerical value using regional median.
8074,B01783MN,LOAD_LIMIT,IMPUTED_MEDIAN,15.0,Imputed missing/zero numerical value using regional median.
8085,B01871MN,LOAD_LIMIT,IMPUTED_MEDIAN,15.0,Imputed missing/zero numerical value using regional median.
8089,B01978MN,LOAD_LIMIT,IMPUTED_MEDIAN,20.0,Imputed missing/zero numerical value using regional median.
8098,B01888MN,LOAD_LIMIT,IMPUTED_MEDIAN,15.0,Imputed missing/zero numerical value using regional median.
8112,B02007MN,LOAD_LIMIT,IMPUTED_MEDIAN,15.0,Imputed missing/zero numerical value using regional median.
8120,B01624MN,LOAD_LIMIT,IMPUTED_MEDIAN,15.0,Imputed missing/zero numerical value using regional median.
8122,B01916MN,LOAD_LIMIT,IMPUTED_MEDIAN,15.0,Imputed missing/zero numerical value using regional median.
8124,B02003MN,LOAD_LIMIT,IMPUTED_MEDIAN,15.0,Imputed missing/zero numerical value using regional median.
8132,B02013MN,LOAD_LIMIT,IMPUTED_MEDIAN,20.0,Imputed missing/zero numerical value using regional median.
8135,B02011MN,LOAD_LIMIT,IMPUTED_MEDIAN,20.0,Imputed missing/zero numerical value using regional median.
8141,B01755MN,LOAD_LIMIT,IMPUTED_MEDIAN,20.0,Imputed missing/zero numerical value using regional median.
8143,B00946MN,LOAD_LIMIT,IMPUTED_MEDIAN,18.0,Imputed missing/zero numerical value using regional median.
8149,B01874MN,LOAD_LIMIT,IMPUTED_MEDIAN,15.0,Imputed missing/zero numerical value using regional median.
8151,B01796MN,LOAD_LIMIT,IMPUTED_MEDIAN,20.0,Imputed missing/zero numerical value using regional median.
8154,B00108DG,LOAD_LIMIT,IMPUTED_MEDIAN,20.0,Imputed missing/zero numerical value using regional median.
8156,B01998MN,LOAD_LIMIT,IMPUTED_MEDIAN,15.0,Imputed missing/zero numerical value using regional median.
8159,B01540MN,LOAD_LIMIT,IMPUTED_MEDIAN,15.0,Imputed missing/zero numerical value using regional median.
8164,B01694MN,LOAD_LIMIT,IMPUTED_MEDIAN,15.0,Imputed missing/zero numerical value using regional median.
8166,B01993MN,LOAD_LIMIT,IMPUTED_MEDIAN,15.0,Imputed missing/zero numerical value using regional median.
8176,B01230MN,LOAD_LIMIT,IMPUTED_MEDIAN,18.0,Imputed missing/zero numerical value using regional median.
8179,B01034MN,LOAD_LIMIT,IMPUTED_MEDIAN,15.0,Imputed missing/zero numerical value using regional median.
8181,B01661MN,LOAD_LIMIT,IMPUTED_MEDIAN,15.0,Imputed missing/zero numerical value using regional median.
8185,B01964MN,LOAD_LIMIT,IMPUTED_MEDIAN,20.0,Imputed missing/zero numerical value using regional median.
8196,B00903MN,LOAD_LIMIT,IMPUTED_MEDIAN,20.0,Imputed missing/zero numerical value using regional median.
8197,B01754MN,LOAD_LIMIT,IMPUTED_MEDIAN,20.0,Imputed missing/zero numerical value using regional median.
8198,B01895MN,LOAD_LIMIT,IMPUTED_MEDIAN,15.0,Imputed missing/zero numerical value using regional median.
8199,B02015MN,LOAD_LIMIT,IMPUTED_MEDIAN,20.0,Imputed missing/zero numerical value using regional median.
8200,B01571MN,LOAD_LIMIT,IMPUTED_MEDIAN,15.0,Imputed missing/zero numerical value using regional median.
8204,B00120MN,LOAD_LIMIT,IMPUTED_MEDIAN,15.0,Imputed missing/zero numerical value using regional median.
8211,B01690MN,LOAD_LIMIT,IMPUTED_MEDIAN,15.0,Imputed missing/zero numerical value using regional median.
8212,B01714MN,LOAD_LIMIT,IMPUTED_MEDIAN,15.0,Imputed missing/zero numerical value using regional median.
8223,B00827MN,LOAD_LIMIT,IMPUTED_MEDIAN,15.0,Imputed missing/zero numerical value using regional median.
8224,B01566MN,LOAD_LIMIT,IMPUTED_MEDIAN,15.0,Imputed missing/zero numerical value using regional median.
8236,B01686MN,LOAD_LIMIT,IMPUTED_MEDIAN,15.0,Imputed missing/zero numerical value using regional median.
8247,B01759MN,LOAD_LIMIT,IMPUTED_MEDIAN,15.0,Imputed missing/zero numerical value using regional median.
8249,B00110DG,LOAD_LIMIT,IMPUTED_MEDIAN,20.0,Imputed missing/zero numerical value using regional median.
8250,B01932MN,LOAD_LIMIT,IMPUTED_MEDIAN,15.0,Imputed missing/zero numerical value using regional median.
8251,B01905MN,LOAD_LIMIT,IMPUTED_MEDIAN,15.0,Imputed missing/zero numerical value using regional median.
8254,B00631MN,LOAD_LIMIT,IMPUTED_MEDIAN,15.0,Imputed missing/zero numerical value using regional median.
8261,B01605MN,LOAD_LIMIT,IMPUTED_MEDIAN,15.0,Imputed missing/zero numerical value using regional median.
8272,B00400MN,LOAD_LIMIT,IMPUTED_MEDIAN,15.0,Imputed missing/zero numerical value using regional median.
8273,B01457MN,LOAD_LIMIT,IMPUTED_MEDIAN,15.0,Imputed missing/zero numerical value using regional median.
8289,B01894MN,LOAD_LIMIT,IMPUTED_MEDIAN,15.0,Imputed missing/zero numerical value using regional median.
8290,B00155MN,LOAD_LIMIT,IMPUTED_MEDIAN,15.0,Imputed missing/zero numerical value using regional median.
8294,B01967MN,LOAD_LIMIT,IMPUTED_MEDIAN,20.0,Imputed missing/zero numerical value using regional median.
8299,B00959MN,LOAD_LIMIT,IMPUTED_MEDIAN,18.0,Imputed missing/zero numerical value using regional median.
8302,B01839MN,LOAD_LIMIT,IMPUTED_MEDIAN,15.0,Imputed missing/zero numerical value using regional median.
8309,B01989MN,LOAD_LIMIT,IMPUTED_MEDIAN,20.0,Imputed missing/zero numerical value using regional median.
8316,B00391MN,LOAD_LIMIT,IMPUTED_MEDIAN,18.0,Imputed missing/zero numerical value using regional median.
8325,B01841MN,LOAD_LIMIT,IMPUTED_MEDIAN,15.0,Imputed missing/zero numerical value using regional median.
8333,B01256MN,LOAD_LIMIT,IMPUTED_MEDIAN,18.0,Imputed missing/zero numerical value using regional median.
8338,B00606MN,LOAD_LIMIT,IMPUTED_MEDIAN,18.0,Imputed missing/zero numerical value using regional median.
8342,B01944MN,LOAD_LIMIT,IMPUTED_MEDIAN,15.0,Imputed missing/zero numerical value using regional median.
8346,B01741MN,LOAD_LIMIT,IMPUTED_MEDIAN,20.0,Imputed missing/zero numerical value using regional median.
8353,B01419MN,LOAD_LIMIT,IMPUTED_MEDIAN,15.0,Imputed missing/zero numerical value using regional median.
8375,B02012MN,LOAD_LIMIT,IMPUTED_MEDIAN,20.0,Imputed missing/zero numerical value using regional median.
8381,B01688MN,LOAD_LIMIT,IMPUTED_MEDIAN,15.0,Imputed missing/zero numerical value using regional median.
8383,B01797MN,LOAD_LIMIT,IMPUTED_MEDIAN,20.0,Imputed missing/zero numerical value using regional median.
8390,B01943MN,LOAD_LIMIT,IMPUTED_MEDIAN,20.0,Imputed missing/zero numerical value using regional median.
8398,B01630MN,LOAD_LIMIT,IMPUTED_MEDIAN,15.0,Imputed missing/zero numerical value using regional median.
8410,B01939MN,LOAD_LIMIT,IMPUTED_MEDIAN,20.0,Imputed missing/zero numerical value using regional median.
8411,B00335MN,LOAD_LIMIT,IMPUTED_MEDIAN,15.0,Imputed missing/zero numerical value using regional median.
8414,B00369MN,LOAD_LIMIT,IMPUTED_MEDIAN,18.0,Imputed missing/zero numerical value using regional median.
8417,B01937MN,LOAD_LIMIT,IMPUTED_MEDIAN,15.0,Imputed missing/zero numerical value using regional median.
8422,B01574MN,LOAD_LIMIT,IMPUTED_MEDIAN,20.0,Imputed missing/zero numerical value using regional median.
8425,B00101DG,LOAD_LIMIT,IMPUTED_MEDIAN,20.0,Imputed missing/zero numerical value using regional median.
8426,B01812MN,LOAD_LIMIT,IMPUTED_MEDIAN,15.0,Imputed missing/zero numerical value using regional median.
8437,B00328MN,LOAD_LIMIT,IMPUTED_MEDIAN,15.0,Imputed missing/zero numerical value using regional median.
8441,B01464MN,LOAD_LIMIT,IMPUTED_MEDIAN,20.0,Imputed missing/zero numerical value using regional median.
8446,B01733MN,LOAD_LIMIT,IMPUTED_MEDIAN,20.0,Imputed missing/zero numerical value using regional median.
8452,B00372MN,LOAD_LIMIT,IMPUTED_MEDIAN,18.0,Imputed missing/zero numerical value using regional median.
8454,B02009MN,LOAD_LIMIT,IMPUTED_MEDIAN,15.0,Imputed missing/zero numerical value using regional median.
8461,B01625MN,LOAD_LIMIT,IMPUTED_MEDIAN,15.0,Imputed missing/zero numerical value using regional median.
8463,B01806MN,LOAD_LIMIT,IMPUTED_MEDIAN,15.0,Imputed missing/zero numerical value using regional median.
8465,B01982MN,LOAD_LIMIT,IMPUTED_MEDIAN,20.0,Imputed missing/zero numerical value using regional median.
8475,B01633MN,LOAD_LIMIT,IMPUTED_MEDIAN,18.0,Imputed missing/zero numerical value using regional median.
8478,B01679MN,LOAD_LIMIT,IMPUTED_MEDIAN,15.0,Imputed missing/zero numerical value using regional median.
8479,B00340MN,LOAD_LIMIT,IMPUTED_MEDIAN,15.0,Imputed missing/zero numerical value using regional median.
8482,B01941MN,LOAD_LIMIT,IMPUTED_MEDIAN,20.0,Imputed missing/zero numerical value using regional median.
87,B00951LZ,BR_WIDTH,QUARANTINED,,Issue [ERR_NUMERICAL_UNDERFLOW] Severity: HIGH - Value 0.0 is below minimum bound (1.0).
676,B00023BN,BR_WIDTH,QUARANTINED,,Issue [ERR_NUMERICAL_UNDERFLOW] Severity: HIGH - Value 0.0 is below minimum bound (1.0).
1703,B03383LZ,BR_WIDTH,QUARANTINED,,Issue [ERR_NUMERICAL_UNDERFLOW] Severity: HIGH - Value 0.0 is below minimum bound (1.0).
2054,B04637LZ,BR_WIDTH,QUARANTINED,,Issue [ERR_NUMERICAL_UNDERFLOW] Severity: HIGH - Value 0.0 is below minimum bound (1.0).
2808,B01973MN,BR_WIDTH,QUARANTINED,,Issue [ERR_NUMERICAL_UNDERFLOW] Severity: HIGH - Value 0.0 is below minimum bound (1.0).
2877,B02751LZ,BR_WIDTH,QUARANTINED,,Issue [ERR_NUMERICAL_UNDERFLOW] Severity: HIGH - Value 0.0 is below minimum bound (1.0).
3263,B02425LZ,BR_WIDTH,QUARANTINED,,Issue [ERR_NUMERICAL_UNDERFLOW] Severity: HIGH - Value 0.0 is below minimum bound (1.0).
3648,B02451LZ,BR_WIDTH,QUARANTINED,,Issue [ERR_NUMERICAL_UNDERFLOW] Severity: HIGH - Value 0.0 is below minimum bound (1.0).
4574,B00145NR,BR_WIDTH,QUARANTINED,,Issue [ERR_NUMERICAL_UNDERFLOW] Severity: HIGH - Value 0.0 is below minimum bound (1.0).
4589,B00179NR,BR_WIDTH,QUARANTINED,,Issue [ERR_NUMERICAL_UNDERFLOW] Severity: HIGH - Value 0.0 is below minimum bound (1.0).
4637,B00437NR,BR_WIDTH,QUARANTINED,,Issue [ERR_NUMERICAL_UNDERFLOW] Severity: HIGH - Value 0.0 is below minimum bound (1.0).
4720,B00435NR,BR_WIDTH,QUARANTINED,,Issue [ERR_NUMERICAL_UNDERFLOW] Severity: HIGH - Value 0.0 is below minimum bound (1.0).
4750,B00551PN,BR_WIDTH,QUARANTINED,,Issue [ERR_NUMERICAL_UNDERFLOW] Severity: HIGH - Value 0.0 is below minimum bound (1.0).
4791,B00441NR,BR_WIDTH,QUARANTINED,,Issue [ERR_NUMERICAL_UNDERFLOW] Severity: HIGH - Value 0.0 is below minimum bound (1.0).
4822,B00510PN,BR_WIDTH,QUARANTINED,,Issue [ERR_NUMERICAL_UNDERFLOW] Severity: HIGH - Value 0.0 is below minimum bound (1.0).
5048,B00174NR,BR_WIDTH,QUARANTINED,,Issue [ERR_NUMERICAL_UNDERFLOW] Severity: HIGH - Value 0.0 is below minimum bound (1.0).
5066,B00314NR,BR_WIDTH,QUARANTINED,,Issue [ERR_NUMERICAL_UNDERFLOW] Severity: HIGH - Value 0.0 is below minimum bound (1.0).
5082,B00512PN,BR_WIDTH,QUARANTINED,,Issue [ERR_NUMERICAL_UNDERFLOW] Severity: HIGH - Value 0.0 is below minimum bound (1.0).
5197,B00146NR,BR_WIDTH,QUARANTINED,,Issue [ERR_NUMERICAL_UNDERFLOW] Severity: HIGH - Value 0.0 is below minimum bound (1.0).
5378,B00489NR,BR_WIDTH,QUARANTINED,,Issue [ERR_NUMERICAL_UNDERFLOW] Severity: HIGH - Value 0.0 is below minimum bound (1.0).
5391,B00294NR,BR_WIDTH,QUARANTINED,,Issue [ERR_NUMERICAL_UNDERFLOW] Severity: HIGH - Value 0.0 is below minimum bound (1.0).
5417,B00172NR,BR_WIDTH,QUARANTINED,,Issue [ERR_NUMERICAL_UNDERFLOW] Severity: HIGH - Value 0.0 is below minimum bound (1.0).
5428,B00170NR,BR_WIDTH,QUARANTINED,,Issue [ERR_NUMERICAL_UNDERFLOW] Severity: HIGH - Value 0.0 is below minimum bound (1.0).
5660,B00511PN,BR_WIDTH,QUARANTINED,,Issue [ERR_NUMERICAL_UNDERFLOW] Severity: HIGH - Value 0.0 is below minimum bound (1.0).
5678,B00153NR,BR_WIDTH,QUARANTINED,,Issue [ERR_NUMERICAL_UNDERFLOW] Severity: HIGH - Value 0.0 is below minimum bound (1.0).
6700,B00049NR,BR_WIDTH,QUARANTINED,,Issue [ERR_NUMERICAL_UNDERFLOW] Severity: HIGH - Value 0.0 is below minimum bound (1.0).
6803,B00317SM,BR_WIDTH,QUARANTINED,,Issue [ERR_NUMERICAL_UNDERFLOW] Severity: HIGH - Value 0.0 is below minimum bound (1.0).
680,B02354LZ,BR_WIDTH,QUARANTINED,,Issue [ERR_NUMERICAL_OVERFLOW] Severity: HIGH - Value 90.0 exceeds maximum bound (60.0).
6040,B00018LT,NUM_SPAN,QUARANTINED,,Issue [ERR_NUMERICAL_UNDERFLOW] Severity: HIGH - Value 0 is below minimum bound (1).
195,B04316LZ,NUM_LANES,QUARANTINED,,Issue [ERR_NUMERICAL_UNDERFLOW] Severity: HIGH - Value 0 is below minimum bound (1).
1996,B04759LZ,NUM_LANES,QUARANTINED,,Issue [ERR_NUMERICAL_UNDERFLOW] Severity: HIGH - Value 0 is below minimum bound (1).
2220,B04980LZ,NUM_LANES,QUARANTINED,,Issue [ERR_NUMERICAL_UNDERFLOW] Severity: HIGH - Value 0 is below minimum bound (1).
2997,B00355PW,NUM_LANES,QUARANTINED,,Issue [ERR_NUMERICAL_UNDERFLOW] Severity: HIGH - Value 0 is below minimum bound (1).
3347,B00379PW,NUM_LANES,QUARANTINED,,Issue [ERR_NUMERICAL_UNDERFLOW] Severity: HIGH - Value 0 is below minimum bound (1).
4158,B00378PW,NUM_LANES,QUARANTINED,,Issue [ERR_NUMERICAL_UNDERFLOW] Severity: HIGH - Value 0 is below minimum bound (1).
6803,B00317SM,NUM_LANES,QUARANTINED,,Issue [ERR_NUMERICAL_UNDERFLOW] Severity: HIGH - Value 0 is below minimum bound (1).
8182,B01864MN,NUM_LANES,QUARANTINED,,Issue [ERR_NUMERICAL_UNDERFLOW] Severity: HIGH - Value 0 is below minimum bound (1).
1097,B04772LZ,LOAD_LIMIT,QUARANTINED,,Issue [ERR_NUMERICAL_OVERFLOW] Severity: HIGH - Value 180.0 exceeds maximum bound (100).
6973,B01396MN,LOAD_LIMIT,QUARANTINED,,Issue [ERR_NUMERICAL_OVERFLOW] Severity: HIGH - Value 200.0 exceeds maximum bound (100).
908,B01618LZ,ACTUAL_YR,FLAGGED_WARNING,,Issue [ERR_INVALID_CONSTRUCTION_YEAR] Severity: MEDIUM - Year 0 is outside realistic bounds (1800-2026).
2221,B05014LZ,ACTUAL_YR,FLAGGED_WARNING,,Issue [ERR_INVALID_CONSTRUCTION_YEAR] Severity: MEDIUM - Year 0 is outside realistic bounds (1800-2026).
2542,B05016LZ,ACTUAL_YR,FLAGGED_WARNING,,Issue [ERR_INVALID_CONSTRUCTION_YEAR] Severity: MEDIUM - Year 0 is outside realistic bounds (1800-2026).
2893,B04947LZ,ACTUAL_YR,FLAGGED_WARNING,,Issue [ERR_INVALID_CONSTRUCTION_YEAR] Severity: MEDIUM - Year 0 is outside realistic bounds (1800-2026).
3106,B04796LZ,ACTUAL_YR,FLAGGED_WARNING,,Issue [ERR_INVALID_CONSTRUCTION_YEAR] Severity: MEDIUM - Year 0 is outside realistic bounds (1800-2026).
3267,B00392PW,ACTUAL_YR,FLAGGED_WARNING,,Issue [ERR_INVALID_CONSTRUCTION_YEAR] Severity: MEDIUM - Year 2033 is outside realistic bounds (1800-2026).
3641,B04899LZ,ACTUAL_YR,FLAGGED_WARNING,,Issue [ERR_INVALID_CONSTRUCTION_YEAR] Severity: MEDIUM - Year 0 is outside realistic bounds (1800-2026).
3676,B04945LZ,ACTUAL_YR,FLAGGED_WARNING,,Issue [ERR_INVALID_CONSTRUCTION_YEAR] Severity: MEDIUM - Year 0 is outside realistic bounds (1800-2026).
4262,B04943LZ,ACTUAL_YR,FLAGGED_WARNING,,Issue [ERR_INVALID_CONSTRUCTION_YEAR] Severity: MEDIUM - Year 0 is outside realistic bounds (1800-2026).
5729,B00244BH,ACTUAL_YR,FLAGGED_WARNING,,Issue [ERR_INVALID_CONSTRUCTION_YEAR] Severity: MEDIUM - Year 20910 is outside realistic bounds (1800-2026).
6847,B00003LP,ACTUAL_YR,FLAGGED_WARNING,,Issue [ERR_INVALID_CONSTRUCTION_YEAR] Severity: MEDIUM - Year 0 is outside realistic bounds (1800-2026).
53,B04732LZ,BR_TYPE1,FLAGGED_WARNING,,"Issue [ERR_INVALID_CATEGORY] Severity: MEDIUM - Value 'Bailey' not in allowed categories ['Concrete', 'Steel', 'Timber', 'Masonry', 'Pre-stressed Concrete', 'Other']."
87,B00951LZ,BR_TYPE1,QUARANTINED,,"Issue [ERR_INVALID_CATEGORY] Severity: MEDIUM - Value 'Bailey' not in allowed categories ['Concrete', 'Steel', 'Timber', 'Masonry', 'Pre-stressed Concrete', 'Other']."
346,B04618LZ,BR_TYPE1,FLAGGED_WARNING,,"Issue [ERR_INVALID_CATEGORY] Severity: MEDIUM - Value 'Bailey' not in allowed categories ['Concrete', 'Steel', 'Timber', 'Masonry', 'Pre-stressed Concrete', 'Other']."
799,B04519LZ,BR_TYPE1,FLAGGED_WARNING,,"Issue [ERR_INVALID_CATEGORY] Severity: MEDIUM - Value 'Bailey' not in allowed categories ['Concrete', 'Steel', 'Timber', 'Masonry', 'Pre-stressed Concrete', 'Other']."
1354,B04286LZ,BR_TYPE1,FLAGGED_WARNING,,"Issue [ERR_INVALID_CATEGORY] Severity: MEDIUM - Value 'Bailey' not in allowed categories ['Concrete', 'Steel', 'Timber', 'Masonry', 'Pre-stressed Concrete', 'Other']."
1534,B04518LZ,BR_TYPE1,FLAGGED_WARNING,,"Issue [ERR_INVALID_CATEGORY] Severity: MEDIUM - Value 'Bailey' not in allowed categories ['Concrete', 'Steel', 'Timber', 'Masonry', 'Pre-stressed Concrete', 'Other']."
2844,B00015AB,BR_TYPE1,FLAGGED_WARNING,,"Issue [ERR_INVALID_CATEGORY] Severity: MEDIUM - Value 'Bailey' not in allowed categories ['Concrete', 'Steel', 'Timber', 'Masonry', 'Pre-stressed Concrete', 'Other']."
2876,B00012SY,BR_TYPE1,FLAGGED_WARNING,,"Issue [ERR_INVALID_CATEGORY] Severity: MEDIUM - Value 'Bailey' not in allowed categories ['Concrete', 'Steel', 'Timber', 'Masonry', 'Pre-stressed Concrete', 'Other']."
3066,B00014PW,BR_TYPE1,FLAGGED_WARNING,,"Issue [ERR_INVALID_CATEGORY] Severity: MEDIUM - Value 'Bailey' not in allowed categories ['Concrete', 'Steel', 'Timber', 'Masonry', 'Pre-stressed Concrete', 'Other']."
3253,B00049CR,BR_TYPE1,FLAGGED_WARNING,,"Issue [ERR_INVALID_CATEGORY] Severity: MEDIUM - Value 'Bailey' not in allowed categories ['Concrete', 'Steel', 'Timber', 'Masonry', 'Pre-stressed Concrete', 'Other']."
3556,B01712MN,BR_TYPE1,FLAGGED_WARNING,,"Issue [ERR_INVALID_CATEGORY] Severity: MEDIUM - Value 'Bailey' not in allowed categories ['Concrete', 'Steel', 'Timber', 'Masonry', 'Pre-stressed Concrete', 'Other']."
3754,B00011SY,BR_TYPE1,FLAGGED_WARNING,,"Issue [ERR_INVALID_CATEGORY] Severity: MEDIUM - Value 'Bailey' not in allowed categories ['Concrete', 'Steel', 'Timber', 'Masonry', 'Pre-stressed Concrete', 'Other']."
3863,B00145MR,BR_TYPE1,FLAGGED_WARNING,,"Issue [ERR_INVALID_CATEGORY] Severity: MEDIUM - Value 'Bailey' not in allowed categories ['Concrete', 'Steel', 'Timber', 'Masonry', 'Pre-stressed Concrete', 'Other']."
4160,B00009PW,BR_TYPE1,FLAGGED_WARNING,,"Issue [ERR_INVALID_CATEGORY] Severity: MEDIUM - Value 'Bailey' not in allowed categories ['Concrete', 'Steel', 'Timber', 'Masonry', 'Pre-stressed Concrete', 'Other']."
4396,B00292PW,BR_TYPE1,FLAGGED_WARNING,,"Issue [ERR_INVALID_CATEGORY] Severity: MEDIUM - Value 'Bailey' not in allowed categories ['Concrete', 'Steel', 'Timber', 'Masonry', 'Pre-stressed Concrete', 'Other']."
4682,B00508PN,BR_TYPE1,FLAGGED_WARNING,,"Issue [ERR_INVALID_CATEGORY] Severity: MEDIUM - Value 'Bailey' not in allowed categories ['Concrete', 'Steel', 'Timber', 'Masonry', 'Pre-stressed Concrete', 'Other']."
6200,B00561SM,BR_TYPE1,FLAGGED_WARNING,,"Issue [ERR_INVALID_CATEGORY] Severity: MEDIUM - Value 'Bailey' not in allowed categories ['Concrete', 'Steel', 'Timber', 'Masonry', 'Pre-stressed Concrete', 'Other']."
6779,B00545SM,BR_TYPE1,FLAGGED_WARNING,,"Issue [ERR_INVALID_CATEGORY] Severity: MEDIUM - Value 'Bailey' not in allowed categories ['Concrete', 'Steel', 'Timber', 'Masonry', 'Pre-stressed Concrete', 'Other']."
6803,B00317SM,BR_TYPE1,QUARANTINED,,"Issue [ERR_INVALID_CATEGORY] Severity: MEDIUM - Value 'Bailey' not in allowed categories ['Concrete', 'Steel', 'Timber', 'Masonry', 'Pre-stressed Concrete', 'Other']."
7215,B01281MN,BR_TYPE1,FLAGGED_WARNING,,"Issue [ERR_INVALID_CATEGORY] Severity: MEDIUM - Value 'Bailey' not in allowed categories ['Concrete', 'Steel', 'Timber', 'Masonry', 'Pre-stressed Concrete', 'Other']."
7372,B01602MN,BR_TYPE1,FLAGGED_WARNING,,"Issue [ERR_INVALID_CATEGORY] Severity: MEDIUM - Value 'Bailey' not in allowed categories ['Concrete', 'Steel', 'Timber', 'Masonry', 'Pre-stressed Concrete', 'Other']."
7533,B01277MN,BR_TYPE1,FLAGGED_WARNING,,"Issue [ERR_INVALID_CATEGORY] Severity: MEDIUM - Value 'Bailey' not in allowed categories ['Concrete', 'Steel', 'Timber', 'Masonry', 'Pre-stressed Concrete', 'Other']."
7562,B01627MN,BR_TYPE1,FLAGGED_WARNING,,"Issue [ERR_INVALID_CATEGORY] Severity: MEDIUM - Value 'Bailey' not in allowed categories ['Concrete', 'Steel', 'Timber', 'Masonry', 'Pre-stressed Concrete', 'Other']."
7727,B01629MN,BR_TYPE1,FLAGGED_WARNING,,"Issue [ERR_INVALID_CATEGORY] Severity: MEDIUM - Value 'Bailey' not in allowed categories ['Concrete', 'Steel', 'Timber', 'Masonry', 'Pre-stressed Concrete', 'Other']."
7948,B01222MN,BR_TYPE1,FLAGGED_WARNING,,"Issue [ERR_INVALID_CATEGORY] Severity: MEDIUM - Value 'Bailey' not in allowed categories ['Concrete', 'Steel', 'Timber', 'Masonry', 'Pre-stressed Concrete', 'Other']."
8030,B00251MN,BR_TYPE1,FLAGGED_WARNING,,"Issue [ERR_INVALID_CATEGORY] Severity: MEDIUM - Value 'Bailey' not in allowed categories ['Concrete', 'Steel', 'Timber', 'Masonry', 'Pre-stressed Concrete', 'Other']."
8114,B01218MN,BR_TYPE1,FLAGGED_WARNING,,"Issue [ERR_INVALID_CATEGORY] Severity: MEDIUM - Value 'Bailey' not in allowed categories ['Concrete', 'Steel', 'Timber', 'Masonry', 'Pre-stressed Concrete', 'Other']."
8398,B01630MN,BR_TYPE1,FLAGGED_WARNING,,"Issue [ERR_INVALID_CATEGORY] Severity: MEDIUM - Value 'Bailey' not in allowed categories ['Concrete', 'Steel', 'Timber', 'Masonry', 'Pre-stressed Concrete', 'Other']."
8461,B01625MN,BR_TYPE1,FLAGGED_WARNING,,"Issue [ERR_INVALID_CATEGORY] Severity: MEDIUM - Value 'Bailey' not in allowed categories ['Concrete', 'Steel', 'Timber', 'Masonry', 'Pre-stressed Concrete', 'Other']."
